uf,year,dcl_sobre_rcl_ext,primario_sobre_rcl_ext,encargos_sobre_rcl_ext,crescimento_pib_pct,teto,d_lag1,d_lag2,d_lag1_teto,d_lag2_teto,primario_teto,yvar
AC,2002,0.73,0.0645587330130742,0.03587103483871499,NA,12,NA,NA,NA,NA,0.7747047961568905,0.04852310028547616
AC,2003,0.68,0.10132918376519308,0.05834603509594716,-0.9176395497334178,12,0.73,NA,8.76,NA,1.215950205182317,-0.02699971602546613
AC,2004,0.62,0.07723028746563373,0.03055585733923538,5.1093292476869445,12,0.68,0.73,8.16,8.76,0.9267634495876048,-0.04395815197422467
AC,2005,0.45,0.07928425877877682,0.02542131364996693,6.345498982965747,12,0.62,0.68,7.44,8.16,0.9514111053453218,-0.04992487408091996
AC,2006,0.52,-0.05533658959272569,0.02735711979827309,4.046462843937926,12,0.45,0.62,5.4,7.44,-0.6640390751127083,-0.07822337393692265
AC,2007,0.41,0.07437838452344195,0.0256014281510169,12.969145161351058,12,0.52,0.45,6.24,5.4,0.8925406142813034,-0.02399722227526871
AC,2008,0.28,0.09733135616350268,0.02217791450561046,11.132805378148714,12,0.41,0.52,4.92,6.24,1.1679762739620323,0.01559344002662489
AC,2009,0.37,-0.097134923239669,0.0227667213922033,10.176492319304488,12,0.28,0.41,3.3600000000000003,4.92,-1.165619078876028,0.05004083875138638
AC,2010,0.54,-0.15966086579011238,0.03612886204747345,7.212999640186579,12,0.37,0.28,4.4399999999999995,3.3600000000000003,-1.9159303894813484,0.06231116820129287
AC,2011,0.5,0.03095670071657373,0.03646263863704488,0.6008208405780424,12,0.54,0.37,6.48,4.4399999999999995,0.37148040859888487,0.01710284750686139
AC,2012,0.58,-0.11496032127929012,0.03613935601815801,7.472641956163817,12,0.5,0.54,6,6.48,-1.3795238553514817,0.04461521874814167
AC,2013,0.69,-0.09250286208794764,0.03867224192515791,6.566659403889852,12,0.58,0.5,6.959999999999999,6,-1.1100343450553718,0.07060207419156955
AC,2014,0.74,-0.07908674073187058,0.0361917356829288,10.315964388663446,12,0.69,0.58,8.28,6.959999999999999,-0.949040888782447,0.13795615619958693
AC,2015,0.9680560274000294,-0.03646065385356126,0.04739080009594874,-7.1639217069317755,12,0.74,0.69,8.879999999999999,8.28,-0.4375278462427351,0.03872934575691453
AC,2016,0.7267472135741803,0.08419079288137697,0.04059021329402959,-7.149847988673486,12,0.9680560274000294,0.74,11.616672328800352,8.879999999999999,1.0102895145765236,-0.05664987326404031
AC,2017,0.7183061236583977,0.00927901175508174,0.03808505373407174,0.3140769047161207,12,0.7267472135741803,0.9680560274000294,8.720966562890164,11.616672328800352,0.11134814106098088,-0.07363768724194032
AC,2018,0.7357427508014447,0.0153169355582059,0.037034109926407,3.616686638411082,12,0.7183061236583977,0.7267472135741803,8.619673483900772,8.720966562890164,0.1838032266984708,-0.05921806244222867
AC,2019,0.5817857975190377,0.12629905911687492,0.03695415006921859,-1.7192695121428403,12,0.7357427508014447,0.7183061236583977,8.828913009617336,8.619673483900772,1.5155887094024991,-0.09997458789101588
AC,2020,0.5851490686361986,0.10133488133455772,0.01922479860234998,2.134775742540973,12,0.5817857975190377,0.7357427508014447,6.981429570228452,8.828913009617336,1.2160185760146929,-0.10530021986820572
AC,2021,0.42563889360221,0.09379398439969595,0.01946818414862803,19.783890772604607,12,0.5851490686361986,0.5817857975190377,7.021788823634384,6.981429570228452,1.1255278127963515,0.04600678072459446
AC,2022,0.3133725359811001,0.03314737510842554,0.02053679083381983,1.3621111239256578,12,0.42563889360221,0.5851490686361986,5.1076667232265205,7.021788823634384,0.39776850130110647,0.02888472742891461
AC,2023,0.23930044540687576,0.04888006945277408,0.02716627159228523,6.168764029847562,12,0.3133725359811001,0.42563889360221,3.760470431773201,5.1076667232265205,0.586560833433289,0.05751807117886953
AC,2024,0.19568084405922573,0.06625198092737745,0.02300842877679192,NA,12,0.23930044540687576,0.3133725359811001,2.871605344882509,3.760470431773201,0.7950237711285295,NA
AL,2002,2.36,0.25258922653133686,0.2128353406208238,NA,15,NA,NA,NA,NA,3.788838397970053,0.06769245057062905
AL,2003,2.77,0.08671342691045998,0.09171020446924406,-4.612273126036415,15,2.36,NA,35.4,NA,1.3007014036568998,-0.0300440891676864
AL,2004,2.64,0.11009265557498886,0.07986018747246847,4.369065606513312,15,2.77,2.36,41.55,35.4,1.651389833624833,-0.0384741493799737
AL,2005,2.25,0.08672212726042472,0.06352739990315025,3.162619475288597,15,2.64,2.77,39.6,41.55,1.300831908906371,-0.05958436975683704
AL,2006,2.22,0.14026558220824548,0.05755358775760756,7.830985097192422,15,2.25,2.64,33.75,39.6,2.103983733123682,-0.03748126491616917
AL,2007,2,0.19322011974123485,0.04693170070294519,10.217680319547108,15,2.22,2.25,33.300000000000004,33.75,2.8983017961185227,0.0060730650804551
AL,2008,1.97,0.1220640569819433,0.04470331184021385,6.012868322233023,15,2,2.22,30,33.300000000000004,1.8309608547291496,0.01126842432974664
AL,2009,1.81,0.02548845042683883,0.03723959918453903,3.562617806494961,15,1.97,2,29.55,30,0.38232675640258246,-0.00546422056529405
AL,2010,1.62,0.07221792550109211,0.04118717772522835,6.818984715070542,15,1.81,1.97,27.15,29.55,1.0832688825163816,0.01102392051856374
AL,2011,1.48,0.11411212787322264,0.03843188762822845,9.41337396197255,15,1.62,1.81,24.3,27.15,1.7116819180983396,0.05463121217674686
AL,2012,1.5,0.10736787775508226,0.0521861673658438,3.843298704965248,15,1.48,1.62,22.2,24.3,1.610518166326234,0.04985998502114466
AL,2013,1.46,0.1020255158056636,0.05073656988620478,1.310714783034439,15,1.5,1.48,22.5,22.2,1.530382737084954,0.0244730992239788
AL,2014,1.54,0.00432119632216836,0.04123036818855446,3.3620342948663895,15,1.46,1.5,21.9,22.5,0.06481794483252552,0.0229119293824341
AL,2015,1.6678936492549827,0.11587536395503412,0.04070050539257475,3.787598925872393,15,1.54,1.46,23.1,21.9,1.7381304593255118,0.02869996308397977
AL,2016,1.0283772539949392,0.14887345055871556,0.01788259501012108,-1.8856910894602397,15,1.6678936492549827,1.54,25.018404738824746,23.1,2.2331017583807333,-0.01925370721296018
AL,2017,0.9526063438859256,0.04951639358039022,0.02867346085066141,3.2780217957159685,15,1.0283772539949392,1.6678936492549827,15.425658809924087,25.018404738824746,0.7427459037058534,-0.01450028853962516
AL,2018,0.856004809404931,0.07847974312104745,0.04098910540711328,-0.6841669630912928,15,0.9526063438859256,1.0283772539949392,14.289095158288884,15.425658809924087,1.1771961468157115,-0.04831406726911164
AL,2019,0.7482318646902723,0.11693546857990804,0.11247896746593944,4.463552013221084,15,0.856004809404931,0.9526063438859256,12.840072141073964,14.289095158288884,1.7540320286986206,-0.0317605541111851
AL,2020,0.5779106332827029,0.13146976745312788,0.09565548578561628,3.8531815743794606,15,0.7482318646902723,0.856004809404931,11.223477970354084,12.840072141073964,1.9720465117969184,-0.02146818906094518
AL,2021,0.37978264649601456,0.12071748906616868,0.06448764523427504,11.419400721190588,15,0.5779106332827029,0.7482318646902723,8.668659499240544,11.223477970354084,1.8107623359925304,0.05882877431898047
AL,2022,0.5498075405204248,-0.14569815250510254,0.0648270193813147,-8.731642939944862,15,0.37978264649601456,0.5779106332827029,5.6967396974402185,8.668659499240544,-2.185472287576538,-0.06039315591617285
AL,2023,0.7007448176542609,-0.01202869318344501,0.12191378041498516,12.731311857570526,15,0.5498075405204248,0.37978264649601456,8.247113107806372,5.6967396974402185,-0.18043039775167513,0.03127523218930134
AL,2024,0.757267692899439,0.02357577717596864,0.1208244904544491,NA,15,0.7007448176542609,0.5498075405204248,10.511172264813911,8.247113107806372,0.3536366576395296,NA
AM,2002,0.67,6.396786488384576e-4,0.04342573995998917,NA,12,NA,NA,NA,NA,0.00767614378606149,-0.01757217640139081
AM,2003,0.56,0.04958250147480451,0.04433404870357966,2.043386110754408,12,0.67,NA,8.040000000000001,NA,0.5949900176976541,-0.05977516969609314
AM,2004,0.45,0.04638255264020723,0.03197835669521593,12.776089704257563,12,0.56,0.67,6.720000000000001,8.040000000000001,0.5565906316824868,-0.00179617221262257
AM,2005,0.37,0.02414277653869367,0.02783107123013978,2.2698437492763013,12,0.45,0.56,5.4,6.720000000000001,0.28971331846432413,-0.04065747840106452
AM,2006,0.33,0.02289090218559178,0.02320022349246753,12.797593494553205,12,0.37,0.45,4.4399999999999995,5.4,0.27469082622710145,0.02020200339566307
AM,2007,0.19,0.05487822593540677,0.02003225868639335,5.055774369806998,12,0.33,0.37,3.96,4.4399999999999995,0.6585387112248813,0.01289651460269847
AM,2008,0.13,0.01740071105590325,0.01681867622629473,4.71521836400115,12,0.19,0.33,2.28,3.96,0.2088085326708391,0.00627872192035033
AM,2009,0.24,-0.15584225953263553,0.01937668886637991,0.18358693800568648,12,0.13,0.19,1.56,2.28,-1.8701071143916264,-0.03977750285244271
AM,2010,0.27,-0.05192358377705923,0.02089861892546868,14.629826934368584,12,0.24,0.13,2.88,1.56,-0.6230830053247107,0.05447583316820562
AM,2011,0.19,0.02793206097880626,0.02191806449105098,8.961038525460774,12,0.27,0.24,3.24,2.88,0.3351847317456752,0.10481940770901577
AM,2012,0.15,0.03561254989168625,0.01876858395313007,-3.103583603887927,12,0.19,0.27,2.28,3.24,0.42735059870023506,0.04528030388103211
AM,2013,0.22,-0.060226084105326,0.0188213542480456,8.245621790029434,12,0.15,0.19,1.7999999999999998,2.28,-0.722713009263912,0.10357580475572908
AM,2014,0.31,-0.08936888112416387,0.02329765524065494,-1.856073029022065,12,0.22,0.15,2.64,1.7999999999999998,-1.0724265734899665,0.0701339056154648
AM,2015,0.47817199795704773,5.079312110373778e-4,0.02969808802505266,-8.388563061908894,12,0.31,0.22,3.72,2.64,0.00609517453244853,-0.0278359401043697
AM,2016,0.40545933713721655,0.03729728166800247,0.03023180077305932,-5.41152006554122,12,0.47817199795704773,0.31,5.738063975484573,3.72,0.4475673800160296,-0.09205607905424754
AM,2017,0.35864426405078464,0.05038089654207917,0.02715269555889411,1.2287968666427451,12,0.40545933713721655,0.47817199795704773,4.865512045646598,5.738063975484573,0.60457075850495,-0.08896098420764784
AM,2018,0.34729336821330126,0.04216776263436418,0.02397254701357829,3.571482207326815,12,0.35864426405078464,0.40545933713721655,4.303731168609415,4.865512045646598,0.5060131516123701,-0.06490140040116646
AM,2019,0.29296122551803105,0.1041058078205503,0.08804606457187505,4.174184087671562,12,0.34729336821330126,0.35864426405078464,4.167520418559615,4.303731168609415,1.2492696938466037,-0.03744606934230447
AM,2020,0.17160494364596388,0.07437282939086302,0.01086092085315863,3.908196932216778,12,0.29296122551803105,0.34729336821330126,3.5155347062163727,4.167520418559615,0.8924739526903562,-0.01479716606983809
AM,2021,0.22188887918459543,0.03113668138307217,0.08842351325797011,4.680030868569829,12,0.17160494364596388,0.29296122551803105,2.0592593237515664,3.5155347062163727,0.3736401765968661,0.01353361687062413
AM,2022,0.23354689689109295,0.01721266257472252,0.02987258860202269,0.9763874476087064,12,0.22188887918459543,0.17160494364596388,2.662666550215145,2.0592593237515664,0.20655195089667025,0.00480316019075724
AM,2023,0.25845698543680995,-0.03218064307849722,0.03186020543868965,6.579014862344845,12,0.23354689689109295,0.22188887918459543,2.8025627626931153,2.662666550215145,-0.3861677169419666,0.04957686663364704
AM,2024,0.29596874780684074,0.01521439333054608,0.08122607225956802,NA,12,0.25845698543680995,0.23354689689109295,3.1014838252417194,2.8025627626931153,0.18257271996655297,NA
BA,2002,1.82,0.11213539889119048,0.07103532082212312,NA,13,NA,NA,NA,NA,1.457760185585476,0.01725933748282847
BA,2003,1.63,0.07667024678945758,0.08316513977981807,-0.4846925880953701,13,1.82,NA,23.66,NA,0.9967132082629484,-0.04551221369886554
BA,2004,1.42,0.09912964475689712,0.06752172368019592,8.833490302607338,13,1.63,1.82,21.19,23.66,1.2886853818396626,-0.01894873158523273
BA,2005,1.17,0.0969883696844772,0.05790910702963691,6.010758844033814,13,1.42,1.63,18.46,21.19,1.2608488058982037,-0.01855382893196078
BA,2006,1.02,0.09385034819964969,0.05232867358944552,3.6549555193047256,13,1.17,1.42,15.21,18.46,1.2200545265954457,-0.04004991444094903
BA,2007,0.82,0.13034452461010493,0.04551258197335841,10.63529599890587,13,1.02,1.17,13.26,15.21,1.694478819931364,0.00486502819407128
BA,2008,0.72,0.08994599512030867,0.03968505429004201,5.305520538895059,13,0.82,1.02,10.66,13.26,1.1692979365640126,0.00270420453555185
BA,2009,0.63,0.03234012452162977,0.03580799047495515,8.092951926641302,13,0.72,0.82,9.36,10.66,0.42042161878118706,0.02997602186646155
BA,2010,0.52,0.04062884939753541,0.02936462765140249,6.574535635973522,13,0.63,0.72,8.19,9.36,0.5281750421679604,0.04739024548959941
BA,2011,0.46,0.03629501091071569,0.02618646380943019,1.1753557088822977,13,0.52,0.63,6.76,8.19,0.471835141839304,0.01778699488675823
BA,2012,0.49,0.06648702658426703,0.0238603842749004,3.9674791824650946,13,0.46,0.52,5.98,6.76,0.8643313455954713,0.02058731105694664
BA,2013,0.47,-0.01008769474053431,0.02156803300680562,5.644434990545388,13,0.49,0.46,6.37,5.98,-0.1311400316269461,0.04459999761452878
BA,2014,0.4,0.01871090430402946,0.02099555375470733,2.810127892947145,13,0.47,0.49,6.109999999999999,6.37,0.24324175595238295,0.0464538912866492
BA,2015,0.5930891947680049,-0.0209679366861905,0.02135745325057438,0.3655570360621585,13,0.4,0.47,5.2,6.109999999999999,-0.2725831769204765,0.02865837014543967
BA,2016,0.5577607108305753,-0.03892985042280893,NA,-2.897416099103567,13,0.5930891947680049,0.4,7.710159531984064,5.2,-0.506088055496516,-0.01885847703640583
BA,2017,0.5752158267520882,-0.028146285487985052,0.01830420055259045,0.3990872637635201,13,0.5577607108305753,0.5930891947680049,7.250889240797479,7.710159531984064,-0.36590171134380567,-0.03103258151586126
BA,2018,0.6408214665887227,-0.00239042927069627,0.02392339314911573,2.7524602589182656,13,0.5752158267520882,0.5577607108305753,7.477805747777146,7.250889240797479,-0.03107558051905151,-0.01926297521897373
BA,2019,0.6234963335716627,0.02922638433091022,0.02734436125269698,-1.240877190907741,13,0.6408214665887227,0.5752158267520882,8.330679065653396,7.477805747777146,0.37994299630183287,-0.04723161052105371
BA,2020,0.5679310500311278,0.07869820083381349,0.01426086425432529,0.8797460888627207,13,0.6234963335716627,0.6408214665887227,8.105452336431615,8.330679065653396,1.0230766108395752,-0.05473470709876038
BA,2021,0.3802313310545253,0.12682850965179424,0.01214079733975161,6.6382767063355885,13,0.5679310500311278,0.6234963335716627,7.383103650404661,8.105452336431615,1.648770625473325,-0.00771262681809392
BA,2022,0.3009140747253527,0.0170212610978827,0.01684929081587567,4.491103013842945,13,0.3802313310545253,0.5679310500311278,4.9430073037088285,7.383103650404661,0.2212763942724751,0.01831973890049124
BA,2023,0.364167541288316,-0.01935811262930028,0.02829935780961115,2.3378213910258516,13,0.3009140747253527,0.3802313310545253,3.911882971429585,4.9430073037088285,-0.2516554641809036,0.02329652540683058
BA,2024,0.3702417983729164,8.400819271955439e-4,0.02682911007482197,NA,13,0.364167541288316,0.3009140747253527,4.7341780367481086,3.911882971429585,0.01092106505354207,NA
CE,2002,1.18,0.07178521201995128,0.0763107849410499,NA,12,NA,NA,NA,NA,0.8614225442394153,0.04998602504321389
CE,2003,1.06,0.10792724893565198,0.07254861137043789,-0.780836050535727,12,1.18,NA,14.16,NA,1.2951269872278235,-0.02222909272048578
CE,2004,0.92,0.06842720018496946,0.06043950596384039,5.873821792020095,12,1.06,1.18,12.72,14.16,0.8211264022196336,-0.03002722672437609
CE,2005,0.73,0.10694766098017096,0.04858194314698419,4.144997691231245,12,0.92,1.06,11.04,12.72,1.2833719317620516,-0.05506667821506259
CE,2006,0.6,0.03683652314770772,0.03800084900787487,8.703340633843816,12,0.73,0.92,8.76,11.04,0.4420382777724927,-0.03802246678295945
CE,2007,0.38,0.14065222292681862,0.03397051743273996,5.447171276775964,12,0.6,0.73,7.199999999999999,8.76,1.6878266751218234,-0.05157205720213529
CE,2008,0.24,0.11752622539162312,0.02689571773895267,12.496529526163291,12,0.38,0.6,4.5600000000000005,7.199999999999999,1.4103147046994775,3.6288107234257704e-4
CE,2009,0.17,-0.04258980289824726,0.02267972344166248,6.04589546789831,12,0.24,0.38,2.88,4.5600000000000005,-0.5110776347789671,-0.00451102419174835
CE,2010,0.28,-0.13513912478258824,0.01952097809633482,12.39633320735132,12,0.17,0.24,2.04,2.88,-1.6216694973910588,0.05248164685584585
CE,2011,0.29,-0.02300895208333417,0.01994314592116763,6.0217528086285554,12,0.28,0.17,3.3600000000000003,2.04,-0.27610742500001,0.05630532692948034
CE,2012,0.28,-0.01609370259857275,0.02033410262508407,2.571423091168601,12,0.29,0.28,3.4799999999999995,3.3600000000000003,-0.19312443118287304,0.03324810027094992
CE,2013,0.29,-0.00606162880285501,0.0185507230616832,5.870789526690379,12,0.28,0.29,3.3600000000000003,3.4799999999999995,-0.07273954563426012,0.04847783248377564
CE,2014,0.42,-0.10843034556074536,0.02061942152216066,8.726058893380051,12,0.29,0.28,3.4799999999999995,3.3600000000000003,-1.301164146728944,0.09703706573761378
CE,2015,0.617391990297771,-0.06542676232019999,0.02731576648366273,-4.953187483093979,12,0.42,0.29,5.04,3.4799999999999995,-0.7851211478423998,0.0174573895195873
CE,2016,0.4360187628010062,0.04991306046079993,0.02501558391930029,-2.551132790455779,12,0.617391990297771,0.42,7.408703883573253,5.04,0.5989567255295991,-0.032205667445729363
CE,2017,0.45817359221562326,-0.00732696257463655,0.0254280878420569,3.3022203348323176,12,0.4360187628010062,0.617391990297771,5.232225153612075,7.408703883573253,-0.08792355089563861,-0.02011858199357204
CE,2018,0.571370518306998,-0.02528375318945749,0.02933920713961702,1.670409266901829,12,0.45817359221562326,0.4360187628010062,5.49808310658748,5.232225153612075,-0.30340503827348986,-0.02175221326489861
CE,2019,0.5265375568642292,0.06236472660408403,0.03340129871528626,1.1448838632756253,12,0.571370518306998,0.45817359221562326,6.856446219683976,5.49808310658748,0.7483767192490083,-0.02738234285889879
CE,2020,0.5435560052871433,0.07711428464403002,0.02713960586507635,-1.1337890939392414,12,0.5265375568642292,0.571370518306998,6.3184506823707505,6.856446219683976,0.92537141572836,-0.05541161773990899
CE,2021,0.4413176235925777,0.08699481160789012,0.02144398609608144,7.8075174624529184,12,0.5435560052871433,0.5265375568642292,6.52267206344572,6.3184506823707505,1.0439377392946814,0.00300158452942699
CE,2022,0.33627489891453627,0.01364238445786256,0.03412475050833086,0.2961386165814428,12,0.4413176235925777,0.5435560052871433,5.295811483110932,6.52267206344572,0.16370861349435073,-0.01091336461037755
CE,2023,0.29717804242336004,0.01411327265703566,0.04583338631174958,3.950885809000404,12,0.33627489891453627,0.4413176235925777,4.035298786974435,5.295811483110932,0.16935927188442793,0.01085448130791672
CE,2024,0.33008554619417513,0.01147422132190728,0.04413739393318405,NA,12,0.29717804242336004,0.33627489891453627,3.5661365090803203,4.035298786974435,0.13769065586288737,NA
DF,2002,NA,NA,NA,NA,13,NA,NA,NA,NA,NA,0.05794780259267565
DF,2003,NA,NA,NA,-5.462227549014176,13,NA,NA,NA,NA,NA,-0.05715656394663684
DF,2004,NA,NA,NA,7.644378742902513,13,NA,NA,NA,NA,NA,-0.04300686708000113
DF,2005,NA,NA,NA,5.646802985761146,13,NA,NA,NA,NA,NA,-0.04817608199520225
DF,2006,NA,NA,NA,7.300638916008961,13,NA,NA,NA,NA,NA,-0.03797741011269517
DF,2007,NA,NA,NA,6.450306947248929,13,NA,NA,NA,NA,NA,-0.03499638453283798
DF,2008,NA,NA,NA,11.743553248541485,13,NA,NA,NA,NA,NA,0.01853528318432832
DF,2009,NA,NA,NA,7.461800241831496,13,NA,NA,NA,NA,NA,0.03665187518492718
DF,2010,NA,NA,NA,10.403375288508965,13,NA,NA,NA,NA,NA,0.08687806744841721
DF,2011,NA,NA,NA,0.5378715178827154,13,NA,NA,NA,NA,NA,0.04968415552901763
DF,2012,NA,NA,NA,0.7243026912196804,13,NA,NA,NA,NA,NA,0.02074198193733698
DF,2013,NA,NA,NA,0.9319255512441726,13,NA,NA,NA,NA,NA,-2.573570774579148e-5
DF,2014,NA,NA,NA,5.555955925887579,13,NA,NA,NA,NA,NA,0.02962548209153818
DF,2015,0.2523064073755431,-0.136783496212188,0.01246224873072032,0.1637052088438562,13,NA,NA,NA,NA,-1.778185450758444,0.01197441836603241
DF,2016,0.2989221440654163,-0.03451421112908524,0.00991527945179021,0.4621695239426682,13,0.2523064073755431,NA,3.2799832958820603,NA,-0.4486847446781081,0.00164445215534271
DF,2017,0.337776316332652,-0.04704751691538936,0.01058357929062983,0.43699493236581954,13,0.2989221440654163,0.2523064073755431,3.885987872850411,3.2799832958820603,-0.6116177199000616,-0.00549737036756234
DF,2018,0.3517299861575606,-0.0173835611952611,0.01158950303060121,0.4441148378192983,13,0.337776316332652,0.2989221440654163,4.3910921123244755,3.885987872850411,-0.2259862955383943,-0.01005298801654513
DF,2019,0.360669461009109,0.00777353968763184,0.02065422019160087,3.5123103641250264,13,0.3517299861575606,0.337776316332652,4.572489820048288,4.3910921123244755,0.10105601593921391,0.01712728618148171
DF,2020,0.32695344214829164,0.0655467746463266,0.02215268869320399,-5.861780360159163,13,0.360669461009109,0.3517299861575606,4.688702993118417,4.572489820048288,0.8521080704022459,-0.04973995611051025
DF,2021,0.20526096257422624,0.08783047820374974,0.0152646333047629,-0.33796714098710545,13,0.32695344214829164,0.360669461009109,4.250394747927792,4.688702993118417,1.1417962166487468,-0.059646839902629
DF,2022,0.26321131658198016,-0.02441844568071143,0.01961283748502267,4.852978410222364,13,0.20526096257422624,0.32695344214829164,2.668392513464941,4.250394747927792,-0.3174397938492486,-0.01928147354389395
DF,2023,0.22972016553266927,0.0770482415380377,0.0669926675128424,6.332354190385514,13,0.26321131658198016,0.20526096257422624,3.421747115565742,2.668392513464941,1.00162713999449,0.03474686664516187
DF,2024,0.13054751922259833,-0.01785052560193286,0.02466169336980645,NA,13,0.22972016553266927,0.26321131658198016,2.986362151924701,3.421747115565742,-0.2320568328251272,NA
ES,2002,1.16,-0.01420817222587778,0.05363829242042904,NA,13,NA,NA,NA,NA,-0.1847062389364112,-0.03881365075559809
ES,2003,1.02,0.1530891236454744,0.044596593131597403,1.579147943365622,13,1.16,NA,15.079999999999998,NA,1.990158607391167,-0.10795863319447883
ES,2004,0.73,0.1095781160196924,0.04017822575683844,18.256345873297494,13,1.02,1.16,13.26,15.079999999999998,1.424515508256001,-0.02469906560573775
ES,2005,0.44,0.1074749841046358,0.02923521735588702,10.734795715066037,13,0.73,1.02,9.49,13.26,1.3971747933602656,-0.00530021473151539
ES,2006,0.34,0.03819403426830009,0.02616750235380477,9.137118444240544,13,0.44,0.73,5.72,9.49,0.4965224454879012,0.00313615325377705
ES,2007,0.19,0.04801537703007844,0.02254822265145304,9.470588774590947,13,0.34,0.44,4.42,5.72,0.6241999013910198,0.01996166820751894
ES,2008,0.1,0.11902986722762512,0.01891780150396157,12.461863493551274,13,0.19,0.34,2.47,4.42,1.5473882739591265,0.07082008125019137
ES,2009,0.08,-0.05119466909077419,0.01862475597874059,-8.463510092083727,13,0.1,0.19,1.3,2.47,-0.6655306981800645,-0.07558660909760834
ES,2010,0.17,-0.12347491506423952,0.0169310175092922,17.34054803826226,13,0.08,0.1,1.04,1.3,-1.6051738958351138,0.03578930160552645
ES,2011,0.14,0.01011248394197999,0.01536530070199543,16.493505424292266,13,0.17,0.08,2.21,1.04,0.13146229124573988,0.15094468167399702
ES,2012,0.15,0.02697367615279577,0.01442247469707534,4.608473260313417,13,0.14,0.17,1.8200000000000005,2.21,0.350657789986345,0.17073992142161795
ES,2013,0.21,-0.07527802370450955,0.01825715314569591,-5.5003114356947265,13,0.15,0.14,1.95,1.8200000000000005,-0.9786143081586242,0.10087503729614578
ES,2014,0.27,-0.09629876912406576,0.0212736460659677,3.2774870201728534,13,0.21,0.15,2.73,1.95,-1.2518839986128547,0.12981058438758705
ES,2015,0.31365011230057954,0.01727416874656579,0.02539137717600548,-14.277273771655906,13,0.27,0.21,3.51,2.73,0.2245641937053553,-0.02057684021100014
ES,2016,0.264091743834237,0.02663721589961127,0.02647122314221708,-16.519030145428502,13,0.31365011230057954,0.27,4.077451459907534,3.51,0.3462838066949465,-0.19478226253672432
ES,2017,0.1733785216027054,0.04201629391581101,0.02368792828725609,0.3272816566224579,13,0.264091743834237,0.31365011230057954,3.433192669845081,4.077451459907534,0.5462118209055431,-0.1865788741189439
ES,2018,0.18953287873220015,0.06273669670506261,0.02419426057145129,16.55758150401152,13,0.1733785216027054,0.264091743834237,2.2539207808351702,3.433192669845081,0.815577057165814,-0.0319814808965941
ES,2019,0.1404071653350826,0.1424453286533293,0.02940256608899277,-3.3696637069722035,13,0.18953287873220015,0.1733785216027054,2.463927423518602,2.2539207808351702,1.8517892724932807,-0.06870833036375255
ES,2020,0.09048854688723865,0.08979437367872536,0.01854270198833679,-2.3354484238855666,13,0.1404071653350826,0.18953287873220015,1.8252931493560736,2.463927423518602,1.1673268578234297,-0.098578808304348
ES,2021,-0.00815006822508826,0.11318217301297684,0.026518462436941,24.27478209139766,13,0.09048854688723865,0.1404071653350826,1.1763511095341024,1.8252931493560736,1.471368249168699,0.10944667357044194
ES,2022,-0.04146024343993847,0.0259163763240942,0.02469974654418951,-10.352103460274977,13,-0.00815006822508826,0.09048854688723865,-0.1059508869261474,1.1763511095341024,0.3369128922132246,-0.01047880776590512
ES,2023,-0.06627007228599936,-0.02091212898812421,0.0262965707258714,9.896465025232182,13,-0.04146024343993847,-0.00815006822508826,-0.5389831647192,-0.1059508869261474,-0.27185767684561474,0.07251947491540311
ES,2024,-0.09729674859106788,0.01764626677365726,0.02342372143781429,NA,13,-0.06627007228599936,-0.04146024343993847,-0.8615109397179918,-0.5389831647192,0.2294014680575444,NA
GO,2002,2.77,0.0919147814667462,0.06575822625522515,NA,15,NA,NA,NA,NA,1.378721722001193,0.03568047292639401
GO,2003,2.4,0.05323275439671389,0.0558891471980626,2.808225585367774,15,2.77,NA,41.55,NA,0.7984913159507083,-6.147058301916104e-4
GO,2004,2.21,0.03775699268498394,0.04811673146618139,5.230267795828203,15,2.4,2.77,36,41.55,0.5663548902747592,-0.01398107894642545
GO,2005,1.85,0.05259259552875948,0.0501215977775275,-1.3725722882935942,15,2.21,2.4,33.15,36,0.7888889329313922,-0.09285649562998108
GO,2006,1.82,0.08496809094362504,0.0690972466165901,9.367162419227348,15,1.85,2.21,27.75,33.15,1.2745213641543756,-0.06928893181076988
GO,2007,1.61,0.0541237519318713,0.0533389204491161,12.262586905133466,15,1.82,1.85,27.3,27.75,0.8118562789780694,-0.01979199030625244
GO,2008,1.4,0.07910283736210331,0.05703066263929434,9.212280345692305,15,1.61,1.82,24.15,27.3,1.1865425604315498,0.00336782862923124
GO,2009,1.28,0.03785693213607633,0.06134947775820018,7.426031353813523,15,1.4,1.61,21,24.15,0.5678539820411449,0.01285520698267959
GO,2010,1.3,-0.01631606607696345,0.06149102904963709,9.456953439977768,15,1.28,1.4,19.2,21,-0.24474099115445183,0.04546480022098931
GO,2011,1.01,0.11868801213878316,0.06381097744632758,6.53542637515776,15,1.3,1.28,19.5,19.2,1.7803201820817471,0.05686030205213233
GO,2012,1.02,-0.00804557225264409,0.06733529416628281,8.530759847151748,15,1.01,1.3,15.15,19.5,-0.12068358378966146,0.0936432040928973
GO,2013,0.92,0.04970998919672096,0.078515713072403015,2.6691996535207263,15,1.02,1.01,15.3,15.15,0.7456498379508144,0.08215902267378174
GO,2014,0.9,-0.01260763637565473,0.06325722711841125,2.5728314824937426,15,0.92,1.02,13.8,15.3,-0.18911454563482097,0.07647677077142526
GO,2015,0.9860615569020266,3.4702618541412455e-4,0.05813079224891641,-3.4927317884723585,15,0.9,0.92,13.5,13.8,0.00520539278121186,0.01524576713850896
GO,2016,0.9510873738052014,0.05811343076261079,0.04808235157827822,-3.7326670742555135,15,0.9860615569020266,0.9,14.7909233535304,13.5,0.8717014614391618,-0.04516824320318349
GO,2017,0.92029087863636,0.03516272817884372,0.04611410399254621,2.0873459505256653,15,0.9510873738052014,0.9860615569020266,14.26631060707802,14.7909233535304,0.5274409226826559,-0.04582843713251319
GO,2018,0.9219005689631145,0.04839912754409004,0.0539154127470552,-1.6588694205969534,15,0.92029087863636,0.9510873738052014,13.8043631795454,14.26631060707802,0.7259869131613506,-0.08462149546829222
GO,2019,0.7842932868558188,0.09470139742957424,0.09421024138521115,2.8011161333856505,15,0.9219005689631145,0.92029087863636,13.828508534446716,13.8043631795454,1.4205209614436136,-0.08114938026912016
GO,2020,0.7241501336361736,0.10269466931423672,0.11222036889785708,4.063584789288499,15,0.7842932868558188,0.9219005689631145,11.764399302837282,13.828508534446716,1.5404200397135508,-0.06805606901022646
GO,2021,0.4586352005224727,0.10653589380066442,0.04924370140373524,11.080432687508646,15,0.7241501336361736,0.7842932868558188,10.862252004542604,11.764399302837282,1.5980384070099662,0.00802047109552021
GO,2022,0.3251567080937924,0.06350547430067226,0.04279079032564281,8.123891854128606,15,0.4586352005224727,0.7241501336361736,6.879528007837091,10.862252004542604,0.952582114510084,0.05584698012435371
GO,2023,0.2949876071093522,0.04760368782352359,0.04223005221567006,1.0583010281907113,15,0.3251567080937924,0.4586352005224727,4.877350621406886,6.879528007837091,0.7140553173528539,0.03573600089904231
GO,2024,0.24295943760982616,0.05551903551499045,0.03795702944515851,NA,15,0.2949876071093522,0.3251567080937924,4.424814106640283,4.877350621406886,0.8327855327248567,NA
MA,2002,2.73,-0.04031270012512144,0.0612071427871259,NA,13,NA,NA,NA,NA,-0.5240651016265787,-0.00691208689528827
MA,2003,2.22,-0.09269721194897636,0.05748621145223656,6.764970346029586,13,2.73,NA,35.49,NA,-1.2050637553366927,-0.01412597368856139
MA,2004,1.74,0.2156494939434116,0.06717068831341355,6.43314079301831,13,2.22,2.73,28.860000000000003,35.49,2.803443421264351,-0.02438361729450123
MA,2005,1.33,0.2827888894227615,0.05947942348004703,6.160967725586164,13,1.74,2.22,22.62,28.860000000000003,3.676255562495899,-0.03692225574447119
MA,2006,1.15,0.14777361497055783,0.0626713564391394,13.59668864243564,13,1.33,1.74,17.29,22.62,1.921056994617252,0.01897067493752636
MA,2007,0.91,0.22980712724420185,0.06554470682756494,-0.20020185708166105,13,1.15,1.33,14.95,17.29,2.987492654174624,-0.05306743267921763
MA,2008,0.74,0.18688171124149955,0.06986774880819116,16.8018534239587,13,0.91,1.15,11.83,14.95,2.429462246139494,0.03439812780540305
MA,2009,0.68,0.05859924568366372,0.07600591643640627,3.0361848542325376,13,0.74,0.91,9.62,11.83,0.7617901938876284,-1.797174443291839e-4
MA,2010,0.64,4.115178114666894e-4,0.08147436183961966,7.545984876283707,13,0.68,0.74,8.84,9.62,0.00534973154906696,0.01225644662526366
MA,2011,0.47,0.1325561138336979,0.08168736968799013,5.590246713082059,13,0.64,0.68,8.32,8.84,1.7232294798380725,0.01133804017304836
MA,2012,0.41,0.09739350704669546,0.07896051162434282,10.05969818188488,13,0.47,0.64,6.109999999999999,8.32,1.266115591607041,0.05757416058807295
MA,2013,0.38,0.02963726850936123,0.05075748665400707,5.373028222531495,13,0.41,0.47,5.33,6.109999999999999,0.38528449062169606,0.06657793764475181
MA,2014,0.46,-0.10707460906973588,0.02517797123458062,6.75561674250118,13,0.38,0.41,4.94,5.33,-1.3919699179065663,0.09491169529623704
MA,2015,0.6015297383904329,-0.02158983759037696,0.03233239268495963,-6.331967721713061,13,0.46,0.38,5.98,4.94,-0.2806678886749005,-0.00190067847115919
MA,2016,0.43704022576860574,0.04368622529688501,0.03132345246573787,-0.02859966420749593,13,0.6015297383904329,0.46,7.819886599075628,5.98,0.5679209288595052,-0.02955104871580933
MA,2017,0.43771369650059566,-0.07723791878861985,0.03013872031256879,1.464784046267842,13,0.43704022576860574,0.6015297383904329,5.681522934991874,7.819886599075628,-1.004092944252058,-0.03992432241597422
MA,2018,0.5374109392718422,-0.04198067411646142,0.02846596438696327,5.769277942315054,13,0.43771369650059566,0.43704022576860574,5.690278054507743,5.681522934991874,-0.5457487635139985,-0.00758966135229651
MA,2019,0.4456168758853444,0.04682280834495257,0.1296934379777666,-4.4230515681417675,13,0.5374109392718422,0.43771369650059566,6.986342210533949,5.690278054507743,0.6086965084843834,-0.07631441343817866
MA,2020,0.4178161377432801,0.04167677123001136,0.03896211521917669,6.4199401323480565,13,0.4456168758853444,0.5374109392718422,5.793019386509477,6.986342210533949,0.5417980259901477,-0.03812354789476939
MA,2021,0.4132166683757522,0.03755876617077017,0.03283773620754163,7.935847784608652,13,0.4178161377432801,0.4456168758853444,5.431609790662641,5.793019386509477,0.48826396022001217,0.01361415774582549
MA,2022,0.4115072495639719,0.02879289428716103,0.01060282799504218,2.3505064480555005,13,0.4132166683757522,0.4178161377432801,5.3718166888847785,5.431609790662641,0.3743076257330934,0.01195050983255941
MA,2023,0.19175296445247425,0.05115486675948676,0.18945745537398095,2.0633229416968657,13,0.4115072495639719,0.4132166683757522,5.349594244331635,5.3718166888847785,0.6650132678733278,0.00740300538586802
MA,2024,0.03019445508061589,0.11363074171805404,0.00884685323260098,NA,13,0.19175296445247425,0.4115072495639719,2.4927885378821655,5.349594244331635,1.4771996423347025,NA
MG,2002,2.63,-0.0054939202181958,0.08534861770641919,NA,13,NA,NA,NA,NA,-0.07142096283654549,0.00446446149440586
MG,2003,2.43,0.00957870181716371,0.08347285559405383,1.3079995825980628,13,2.63,NA,34.19,NA,0.12452312362312824,-0.04867448972535675
MG,2004,2.24,0.0741770645009497,0.08008860785342387,11.82038147999178,13,2.43,2.63,31.590000000000003,34.19,0.964301838512346,-0.00312961577594657
MG,2005,2.03,0.08700797537233874,0.0821795253497971,2.5510062290259317,13,2.24,2.43,29.120000000000005,31.590000000000003,1.1311036798404035,-0.0437208367536451
MG,2006,1.89,0.07950096362310452,0.08208021192570944,8.364276969371964,13,2.03,2.24,26.389999999999997,29.120000000000005,1.033512527100359,-0.02830301573676363
MG,2007,1.88,0.08965796175374677,0.08770820197534179,9.052499300005046,13,1.89,2.03,24.57,26.389999999999997,1.165553502798708,-0.0047728130147826
MG,2008,1.76,0.09239660980281136,0.08549991843136198,9.68660250814082,13,1.88,1.89,24.44,24.57,1.2011559274365475,0.02753030172233678
MG,2009,1.79,0.06644688736358748,0.07419426790349905,-1.6365398841560186,13,1.76,1.88,22.88,24.44,0.8638095357266372,-0.04490796512196569
MG,2010,1.82,0.07302148385890037,0.06594083693700187,16.29364561169635,13,1.79,1.76,23.27,22.88,0.9492792901657048,0.0552853084058994
MG,2011,1.82,0.09073772730549771,0.06804108608196976,6.863704591340869,13,1.82,1.79,23.66,23.27,1.1795904549714702,0.07751205022589677
MG,2012,1.75,-0.00251151649523076,0.05743869240498393,4.86948929819413,13,1.82,1.82,23.66,23.66,-0.03264971443799995,0.08836111781417977
MG,2013,1.83,0.00720352622228673,0.06124468317933588,3.892054703111958,13,1.75,1.82,22.75,23.66,0.09364584088972758,0.09739309956033312
MG,2014,1.79,0.00668014684546816,0.05926619708974234,-0.4350914890493885,13,1.83,1.75,23.79,22.75,0.0868419089910862,0.07063309759745713
MG,2015,1.986557465088448,-0.06280740180385577,0.05640600068351564,-7.803412911626573,13,1.79,1.83,23.27,23.79,-0.8164962234501251,-0.02803328270191804
MG,2016,2.0309205218105895,-0.06046986249099383,0.02209812909559709,-3.525289631957873,13,1.986557465088448,1.79,25.825247046149823,23.27,-0.7861082123829197,-0.07883829171286202
MG,2017,1.8634812402777776,-0.11098738906353428,0.04298142386300221,2.2692594257119447,13,2.0309205218105895,1.986557465088448,26.401966783537663,25.825247046149823,-1.4428360578259456,-0.0710078672531058
MG,2018,1.8902903910697355,0.02519988084543711,0.0737020493043767,2.9084583453703905,13,1.8634812402777776,2.0309205218105895,24.22525612361111,26.401966783537663,0.3275984509906824,-0.05804752304175065
MG,2019,1.9149794252170604,0.07376388083226912,0.11762638519691726,2.201733321575694,13,1.8902903910697355,1.8634812402777776,24.57377508390656,24.22525612361111,0.9589304508194986,-0.05377707877229655
MG,2020,1.8847191832191912,0.08308981934931281,0.16932790112573523,1.4830301578891536,13,1.9149794252170604,1.8902903910697355,24.894732527821787,24.57377508390656,1.0801676515410663,-0.05847981417698911
MG,2021,1.6934129913455864,0.16409409075664805,0.08562601083575312,15.97433399355326,13,1.8847191832191912,1.9149794252170604,24.501349381849487,24.894732527821787,2.1332231798364245,0.06879896195778858
MG,2022,1.569482891120209,0.05196819756325774,0.10708332676364148,-3.2487607188601,13,1.6934129913455864,1.8847191832191912,22.014368887492623,24.501349381849487,0.6755865683223506,0.01436130018064723
MG,2023,1.6823644554580832,0.03380719913347962,0.1478320369885086,2.4880212923274803,13,1.569482891120209,1.6934129913455864,20.403277584562716,22.014368887492623,0.43949358873523503,0.01735289482843794
MG,2024,1.6256358604992116,0.04383643222766753,0.11123350066165076,NA,13,1.6823644554580832,1.569482891120209,21.870737920955083,20.403277584562716,0.5698736189596779,NA
MS,2002,3.1,0.06519780047402894,0.08075030075158005,NA,15,NA,NA,NA,NA,0.9779670071104342,-0.00285036211112388
MS,2003,2.67,-0.0593379101551646,0.07197444044171317,15.838255325307047,15,3.1,NA,46.5,NA,-0.890068652327469,0.08171054773583185
MS,2004,2.33,-0.01032325280607868,0.06285837618512906,0.3620133628312372,15,2.67,3.1,40.05,46.5,-0.1548487920911803,0.02288887645712522
MS,2005,2.01,0.02183797454405713,0.05564740530125584,-5.0154878324127905,15,2.33,2.67,34.95,40.05,0.32756961816085706,-0.09176282726609164
MS,2006,1.81,0.04461672036228353,0.05284937221232866,7.889191633658355,15,2.01,2.33,30.15,34.95,0.669250805434253,-0.08080127130973981
MS,2007,1.48,0.2209863445924236,0.03729951476447084,8.849093895143145,15,1.81,2.01,27.15,30.15,3.314795168886354,-0.06285940028609512
MS,2008,1.15,0.14917035040854282,0.03692143196431855,13.921888090744972,15,1.48,1.81,22.2,27.15,2.237555256128142,-5.362720468192342e-4
MS,2009,1.15,0.0050070048122344,0.03737924054603729,4.022258951448188,15,1.15,1.48,17.25,22.2,0.07510507218351606,-0.02895381701563454
MS,2010,1.2,0.02075464783347273,0.03169385359597538,13.88032962514174,15,1.15,1.15,17.25,17.25,0.31131971750209103,0.03468144091366681
MS,2011,1.13,0.03658888118109165,0.03179364433177691,9.374465889035498,15,1.2,1.15,18,17.25,0.5488332177163748,0.06108719918280561
MS,2012,1.05,0.08614775638762552,0.03260720269393492,6.712592071370538,15,1.13,1.2,16.95,18,1.2922163458143827,0.06728068794536893
MS,2013,1.02,0.04441561345666342,0.02987566816545823,5.075209320102059,15,1.05,1.13,15.75,16.95,0.6662342018499513,0.06311137014663165
MS,2014,0.98,-0.01810537859073622,0.02638465430248497,7.293693700903381,15,1.02,1.05,15.3,15.75,-0.27158067886104337,0.08493669223463957
MS,2015,0.8918242875271909,0.18751145429091315,0.0330138422545203,-3.481543636377449,15,0.98,1.02,14.7,15.3,2.8126718143636973,0.00539756255320282
MS,2016,0.781700930227662,-0.01906108927034968,0.01547404777191711,1.7142198744674042,15,0.8918242875271909,0.98,13.377364312907863,14.7,-0.2859163390552452,-0.01871685259419383
MS,2017,0.7613116243484246,-0.15277204510340398,0.02196069491647777,1.406764473567712,15,0.781700930227662,0.8918242875271909,11.725513953414929,13.377364312907863,-2.29158067655106,-0.0444000401602747
MS,2018,0.7240108927210454,0.05145420446229453,0.03139042229045843,7.045088934448818,15,0.7613116243484246,0.781700930227662,11.419674365226369,11.725513953414929,0.771813066934418,-0.01586048265697439
MS,2019,0.6107246339863203,0.06150608621903071,0.04528460493035202,-3.622037018956448,15,0.7240108927210454,0.7613116243484246,10.86016339081568,11.419674365226369,0.9225912932854606,-0.09308321523350874
MS,2020,0.408189347841558,0.16313023776969843,0.0326882704297446,11.098153412034062,15,0.6107246339863203,0.7240108927210454,9.160869509794804,10.86016339081568,2.4469535665454765,-0.02970270664519342
MS,2021,0.2139184383733271,0.13973897942485342,0.02357675703160329,7.07489469872884,15,0.408189347841558,0.6107246339863203,6.12284021762337,9.160869509794804,2.096084691372801,-0.00455369059612168
MS,2022,0.22135639687751016,-0.02753484479116225,0.05725903660733929,7.083095812203255,15,0.2139184383733271,0.408189347841558,3.2087765755999067,6.12284021762337,-0.41302267186743374,0.01981028647915027
MS,2023,0.1580367106011793,0.01209509193215428,0.05194035780798301,5.946992989908573,15,0.22135639687751016,0.2139184383733271,3.3203459531626525,3.2087765755999067,0.1814263789823142,0.03317627427334815
MS,2024,0.24653313043257977,-0.04003454215444045,0.0441710043990627,NA,15,0.1580367106011793,0.22135639687751016,2.3705506590176895,3.3203459531626525,-0.6005181323166068,NA
MT,2002,1.59,-0.04785667635815476,0.10776118763177228,NA,15,NA,NA,NA,NA,-0.7178501453723214,-0.07978036605144335
MT,2003,1.76,0.01965088629923251,0.07869272113840733,21.27076781568682,15,1.59,NA,23.85,NA,0.29476329448848765,0.04502814117451424
MT,2004,1.3,0.14508317556241584,0.06281900862807957,17.323774306170492,15,1.76,1.59,26.4,23.85,2.1762476334362377,0.13754607058589366
MT,2005,1.11,0.14077522419917213,0.07532008437030105,-3.994887981681861,15,1.3,1.76,19.5,26.4,2.111628362987582,0.03067335151776104
MT,2006,1.1,0.13530552212890126,0.0813017826014668,-13.981701541024483,15,1.11,1.3,16.650000000000002,19.5,2.029582831933519,-0.18592337393971584
MT,2007,0.94,0.20140071040712496,0.07955721966409707,19.51567567742687,15,1.1,1.11,16.5,16.650000000000002,3.0210106561068746,-0.07484989033108966
MT,2008,0.7,0.12920868286901968,0.06780528405181876,22.434196950822827,15,0.94,1.1,14.1,16.5,1.9381302430352951,0.05965704844915801
MT,2009,0.54,0.02262092707251164,0.07299627083690559,2.1040375733930805,15,0.7,0.94,10.5,14.1,0.33931390608767464,0.01316287690850258
MT,2010,0.55,0.09657242736254032,0.08145368359433816,2.2625468334778187,15,0.54,0.7,8.100000000000001,10.5,1.4485864104381048,-0.03052324138757486
MT,2011,0.4,0.0910140799669681,0.05675420988049148,14.57449462761118,15,0.55,0.54,8.25,8.100000000000001,1.3652111995045215,0.04127405456582048
MT,2012,0.3,0.09807303431535434,0.02353003526958229,9.29460190909468,15,0.4,0.55,6,8.25,1.471095514730315,0.06854492045119351
MT,2013,0.35,0.00440534525416609,0.02943048589162703,5.442246929714001,15,0.3,0.4,4.5,6,0.06608017881249134,0.06302129740833598
MT,2014,0.42,-0.04831265070122973,0.03344631087276947,6.720632967858098,15,0.35,0.3,5.25,4.5,-0.724689760518446,0.07238984778145088
MT,2015,0.4874687570784734,0.02554928280060814,0.04060220913561691,-2.679772935409719,15,0.42,0.35,6.3,5.25,0.38323924200912207,-0.00848653219249495
MT,2016,0.43980159495560667,-0.00588457901553689,0.03037017543127917,6.0562697753355765,15,0.4874687570784734,0.42,7.312031356177101,6.3,-0.08826868523305335,-0.00303943860236496
MT,2017,0.4410684805965616,-0.07057661282546711,0.02842565588752711,-1.017321519551151,15,0.43980159495560667,0.4874687570784734,6.5970239243341,7.312031356177101,-1.0586491923820067,-0.06777409282708023
MT,2018,0.4298618210265555,0.0377693328438806,0.02615731284462486,4.523739154772399,15,0.4410684805965616,0.43980159495560667,6.616027208948425,6.5970239243341,0.566539992658209,-0.08068316774412264
MT,2019,0.27090086503050576,0.08518603250155568,0.02767660770340395,-0.3167640364529878,15,0.4298618210265555,0.4410684805965616,6.447927315398332,6.616027208948425,1.2777904875233352,-0.14446191117734727
MT,2020,0.04283884489515922,0.1695794270031037,0.00924907870661572,21.79012949038366,15,0.27090086503050576,0.4298618210265555,4.063512975457586,6.447927315398332,2.5436914050465553,-0.01139420637003285
MT,2021,-0.17612928854861656,0.2245181929008647,0.01333653816692688,20.627379648321863,15,0.04283884489515922,0.27090086503050576,0.6425826734273883,4.063512975457586,3.3677728935129703,0.11006736923154968
MT,2022,-0.244649873875209,0.07384032871735692,0.06004431854035192,0.18766287670919368,15,-0.17612928854861656,0.04283884489515922,-2.6419393282292485,0.6425826734273883,1.1076049307603535,0.04541079691962346
MT,2023,-0.19803051267686683,-0.04655310702623072,0.02635489320210988,2.149015309569813,15,-0.244649873875209,-0.17612928854861656,-3.669748108128135,-2.6419393282292485,-0.6982966053934608,1.4044562946311548e-4
MT,2024,-0.14448192954947983,-0.0352300601167785,0.01642260610963926,NA,15,-0.19803051267686683,-0.244649873875209,-2.9704576901530024,-3.669748108128135,-0.5284509017516774,NA
PA,2002,0.67,0.05887452662418179,0.03628529208169032,NA,15,NA,NA,NA,NA,0.8831178993627269,0.02835305566575187
PA,2003,0.61,0.05130829343329358,0.03756333458939812,-0.357858324338467,15,0.67,NA,10.05,NA,0.7696244014994037,-0.05174333990348898
PA,2004,0.6,0.04560938031059243,0.03102532341223947,15.512105606451064,15,0.61,0.67,9.15,10.05,0.6841407046588864,0.01566688458720969
PA,2005,0.46,0.0603907362532606,0.02495817014498547,1.7308655565035025,15,0.6,0.61,9,9.15,0.905861043798909,-0.04401710041176557
PA,2006,0.44,-0.00898150263711426,0.02120584122118398,8.917402810253328,15,0.46,0.6,6.9,9,-0.1347225395567139,-0.03541440967667849
PA,2007,0.35,0.06361706260922222,0.02009346140928176,8.790745145883694,15,0.44,0.46,6.6,6.9,0.9542559391383332,-0.02743026244388384
PA,2008,0.28,0.05897793668027171,0.01768365305810718,11.253843520037954,15,0.35,0.44,5.25,6.6,0.8846690502040756,0.00435864630704907
PA,2009,0.24,0.01489842099129425,0.01821084649518835,-3.552771626537443,15,0.28,0.35,4.2,5.25,0.22347631486941383,-0.10410849925325434
PA,2010,0.29,-0.02405775664814996,0.01899482492336544,27.65387274505262,15,0.24,0.28,3.5999999999999996,4.2,-0.36086634972224946,0.07141551202188282
PA,2011,0.19,0.10904659938712943,0.01986448767689556,11.952775421404006,15,0.29,0.24,4.35,3.5999999999999996,1.6356989908069417,0.1215022032569281
PA,2012,0.11,0.08989466984339849,0.01581022283521134,2.9181488778485587,15,0.19,0.29,2.85,4.35,1.3484200476509771,0.09468298410410282
PA,2013,0.1,0.03200707402155167,0.01313127011572552,6.5952712200330055,15,0.11,0.19,1.65,2.85,0.4801061103232751,0.11042031028122325
PA,2014,0.1,0.02281851958898186,0.01302924385507893,-3.34564343543442,15,0.1,0.11,1.5,1.65,0.342277793834728,0.03497850516633295
PA,2015,0.12036643141874076,0.02304847523644551,0.01356488436098377,-3.633556939329219,15,0.1,0.1,1.5,1.5,0.3457271285466827,-0.03856466102930513
PA,2016,0.09293946328196905,0.03613416444517681,0.00946199492267766,-2.973186457688582,15,0.12036643141874076,0.1,1.8054964712811117,1.5,0.5420124666776521,-0.1025832642776621
PA,2017,0.06401052673205739,9.35504460737762e-4,0.00954922364934528,8.655092056748103,15,0.09293946328196905,0.12036643141874076,1.3940919492295356,1.8054964712811117,0.01403256691106643,-0.05251642782104217
PA,2018,0.13306853126613002,-0.08201072400794758,0.01038859086536151,0.26623755453325515,15,0.06401052673205739,0.09293946328196905,0.9601579009808608,1.3940919492295356,-1.2301608601192138,-0.08268006945895297
PA,2019,0.0750990686106319,0.04609999517901562,0.02442190260441306,6.574624582689403,15,0.13306853126613002,0.06401052673205739,1.9960279689919505,0.9601579009808608,0.6914999276852343,-0.05195822564553925
PA,2020,0.02177153025002038,0.04222730552551917,0.0380625914254263,17.288914458959926,15,0.0750990686106319,0.13306853126613002,1.1264860291594785,1.9960279689919505,0.6334095828827876,0.07500429177878504
PA,2021,0.01648722704111093,0.01844248114214452,0.02265106535036254,12.41901817019777,15,0.02177153025002038,0.0750990686106319,0.3265729537503057,1.1264860291594785,0.27663721713216777,0.16110193782463608
PA,2022,-0.00750248077135004,0.00691332286620715,0.0216940973823823,-17.80720275225264,15,0.01648722704111093,0.02177153025002038,0.24730840561666395,0.3265729537503057,0.10369984299310724,-0.0640772779370646
PA,2023,0.04534980740802073,-0.07711648401905725,0.02079648688820336,3.0598065804365637,15,-0.00750248077135004,0.01648722704111093,-0.1125372115702506,0.24730840561666395,-1.1567472602858588,-0.06239079313526431
PA,2024,0.07165968068082255,-0.04587363527972664,0.0320764806976251,NA,15,0.04534980740802073,-0.00750248077135004,0.6802471111203109,-0.1125372115702506,-0.6881045291958996,NA
PB,2002,1.42,0.01117669106632191,0.07408122206891729,NA,13,NA,NA,NA,NA,0.14529698386218487,0.0498875868096656
PB,2003,1.17,0.03815593450123993,0.06254261653635405,0.7881175984600697,13,1.42,NA,18.46,NA,0.4960271485161191,-0.00427941868306085
PB,2004,1.08,-6.977498028397346e-4,0.05485175325025624,0.30237503363148566,13,1.17,1.42,15.21,18.46,-0.00907074743691655,-0.06377639377902919
PB,2005,0.89,0.09261219712750604,0.04636045285872348,4.256439000882417,13,1.08,1.17,14.04,15.21,1.2039585626575784,-0.0855640766423156
PB,2006,0.76,0.08850989452395368,0.0569797589663243,13.920171588331009,13,0.89,1.08,11.57,14.04,1.1506286288113978,-0.01948070468611703
PB,2007,0.6,0.09403003005709155,0.04314217917046571,6.079644135264584,13,0.76,0.89,9.88,11.57,1.2223903907421905,-0.02444106713086367
PB,2008,0.48,0.10312920291846896,0.02377768086314309,11.064838156190705,13,0.6,0.76,7.8,9.88,1.3406796379400967,0.01801873478453628
PB,2009,0.34,0.0572293680571127,0.02172066638133269,7.184958018202248,13,0.48,0.6,6.24,7.8,0.7439817847424652,0.02789301872843904
PB,2010,0.36,-0.03808980331403507,0.02160376183294924,5.570243607737413,13,0.34,0.48,4.42,6.24,-0.49516744308245586,0.02685700035562517
PB,2011,0.25,0.08463677263069856,0.01772804116198598,3.810009901723821,13,0.36,0.34,4.68,4.42,1.1002780441990814,0.01429333016544839
PB,2012,0.26,-0.01498955089478372,0.01829396835296857,8.625908507161517,13,0.25,0.36,3.25,4.68,-0.19486416163218845,0.05311255498257694
PB,2013,0.27,0.00952632912652277,0.01450129451180581,2.7765005070629956,13,0.26,0.25,3.38,3.25,0.12384227864479608,0.04321983339047466
PB,2014,0.37,-0.05437490048432459,0.01598513480451942,7.348788189819189,13,0.27,0.26,3.51,3.38,-0.7068737062962197,0.08356967764965706
PB,2015,0.41351637739406394,-0.03723020708597142,0.02099060186039874,-2.728562394779488,13,0.37,0.27,4.81,3.51,-0.48399269211762846,0.03170034096897007
PB,2016,0.302471123263504,0.03638184300998329,0.01948565444687398,-3.1837963927153212,13,0.41351637739406394,0.37,5.375712906122831,4.81,0.47296395912978273,-0.01969446125408237
PB,2017,0.2892820790923357,0.02628654379320197,0.0151470054707946,2.0527111545443733,13,0.302471123263504,0.41351637739406394,3.932124602425552,5.375712906122831,0.3417250693116256,-0.01475872687894377
PB,2018,0.324748386320024,0.02461109265666586,0.01433947057941578,-0.4789805481416054,13,0.2892820790923357,0.302471123263504,3.760667028200365,3.932124602425552,0.3199442045366562,-0.03260128157727481
PB,2019,0.23252903959853907,0.07269246794905333,0.01389360299504188,1.8110913053357656,13,0.324748386320024,0.2892820790923357,4.2217290221603125,3.760667028200365,0.9450020833376932,-0.02651693696338141
PB,2020,0.10929125972789594,0.1287022425093892,0.00531083166887386,0.17461347438632036,13,0.23252903959853907,0.324748386320024,3.022877514781008,4.2217290221603125,1.6731291526220595,-0.03629968207243448
PB,2021,-0.03070157188220816,0.14773834529542965,0.00938207633443813,1.764085427831774,13,0.10929125972789594,0.23252903959853907,1.4207863764626472,3.022877514781008,1.9205984888405856,-0.03057720646335137
PB,2022,-0.06186828668749074,0.05299873240914937,0.00892373070983477,1.694604969435387,13,-0.03070157188220816,0.10929125972789594,-0.3991204344687061,1.4207863764626472,0.6889835213189418,-0.02598634517103865
PB,2023,-0.01164838388300722,0.01696212141042518,0.00885441933296606,7.678313405152903,13,-0.06186828668749074,-0.03070157188220816,-0.8042877269373796,-0.3991204344687061,0.22050757833552737,0.03542422346649994
PB,2024,-0.02370516868155112,0.00122058004595638,0.00806172563768992,NA,13,-0.01164838388300722,-0.06186828668749074,-0.15142899047909386,-0.8042877269373796,0.01586754059743294,NA
PE,2002,1.25,-0.04318531911923291,0.05994242204139862,NA,12,NA,NA,NA,NA,-0.518223829430795,0.08154116584995626
PE,2003,1.17,0.04071229529691322,0.06117661206117617,-6.154607508200504,12,1.25,NA,15,NA,0.4885475435629586,-0.04591417255729332
PE,2004,1.04,0.07671869630998471,0.04981389508684726,8.714448134670683,12,1.17,1.25,14.04,15,0.9206243557198164,-0.02710888724691536
PE,2005,0.83,0.10401115745921403,0.04431640915155732,4.508238706376333,12,1.04,1.17,12.48,14.04,1.2481338895105685,-0.04893407875196731
PE,2006,0.67,0.07845334771211636,0.0378825200780547,6.004818399972867,12,0.83,1.04,9.96,12.48,0.9414401725453962,-0.05779749081911939
PE,2007,0.53,0.09491961625215818,0.03229100858491116,8.614127448635656,12,0.67,0.83,8.040000000000001,9.96,1.1390353950258982,-0.04319666945028831
PE,2008,0.42,0.07411567884597266,0.0257072219332401,6.678166288223575,12,0.53,0.67,6.36,8.040000000000001,0.8893881461516719,-0.04645139214750379
PE,2009,0.43,-0.01337670053877729,0.0235698979811047,7.99545784666742,12,0.42,0.53,5.04,6.36,-0.16052040646532753,-0.03588992280682181
PE,2010,0.38,0.02849855964307724,0.02210945537771526,16.005707165222294,12,0.43,0.42,5.16,5.04,0.3419827157169269,0.04964391515707295
PE,2011,0.39,-0.01656946732458562,0.02142779169493874,6.292895410290145,12,0.38,0.43,4.5600000000000005,5.16,-0.19883360789502752,0.05339647413493305
PE,2012,0.46,-0.07045006965562424,0.02357321937649854,10.226784632574384,12,0.39,0.38,4.68,4.5600000000000005,-0.8454008358674909,0.10089124529955185
PE,2013,0.53,-0.07850093895396262,0.02691769218223413,3.8405778017827297,12,0.46,0.39,5.5200000000000005,4.68,-0.9420112674475516,0.09731076050835344
PE,2014,0.58,-0.09432833043482476,0.02919475066603446,3.3706044624423503,12,0.53,0.46,6.36,5.5200000000000005,-1.1319399652178972,0.09800013737305796
PE,2015,0.621696319508189,0.01625803175691403,0.03221872448614635,-7.205693811670977,12,0.58,0.53,6.959999999999999,6.36,0.19509638108296837,-0.00121469836002136
PE,2016,0.6068219421334675,0.03728056476764425,0.02491415827072248,-1.9548426732834412,12,0.621696319508189,0.58,7.4603558340982685,6.959999999999999,0.447366777211731,-0.0391104281845917
PE,2017,0.6125122059341439,-0.01358372001921533,0.02441925057789332,4.908518131549733,12,0.6068219421334675,0.621696319508189,7.28186330560161,7.4603558340982685,-0.16300464023058395,-0.0048121424544264
PE,2018,0.611014223525117,0.03687303674549926,0.02705252014684554,-1.0160824822492698,12,0.6125122059341439,0.6068219421334675,7.350146471209727,7.28186330560161,0.4424764409459911,-0.02546338054588667
PE,2019,0.5231821723135623,0.04007557792455565,0.03109406864553639,2.3510642849989383,12,0.611014223525117,0.6125122059341439,7.332170682301404,7.350146471209727,0.48090693509466775,-0.01078503081732282
PE,2020,0.4802483039888723,0.07548126492443996,0.02137554735746757,-5.337852808653909,12,0.5231821723135623,0.611014223525117,6.278186067762748,7.332170682301404,0.9057751790932796,-0.07337182365675152
PE,2021,0.3613512413191262,0.10275307347534383,0.02224898894231034,5.473317067112449,12,0.4802483039888723,0.5231821723135623,5.762979647866468,6.278186067762748,1.233036881704126,-0.02792651526949123
PE,2022,0.35319782631740904,-0.01543247420591276,0.02816357635791659,1.8744505811392864,12,0.3613512413191262,0.4802483039888723,4.336214895829515,5.762979647866468,-0.18518969047095313,-0.01751705982914555
PE,2023,0.31903176625963403,0.03887854049296131,0.03605181440775608,5.193959282620186,12,0.35319782631740904,0.3613512413191262,4.238373915808909,4.336214895829515,0.4665424859155357,0.02470999457462099
PE,2024,0.30053490036266833,0.02978859760265874,0.03489182689522732,NA,12,0.31903176625963403,0.35319782631740904,3.828381195115608,4.238373915808909,0.35746317123190485,NA
PI,2002,1.64,0.03119108118056748,0.05122902961503915,NA,13,NA,NA,NA,NA,0.4054840553473773,0.03528631485107443
PI,2003,1.52,-0.13947661510988082,0.07982409576054891,2.988838926385773,13,1.64,NA,21.32,NA,-1.8131959964284508,-0.01541650083480479
PI,2004,1.42,0.01246932198070416,0.06752480243096873,4.864428355951156,13,1.52,1.64,19.76,21.32,0.1621011857491541,-0.04842444471004063
PI,2005,1.09,0.08086146972278278,0.05705749239660723,6.556765256899566,13,1.42,1.52,18.46,19.76,1.051199106396176,-0.06597445699469036
PI,2006,0.85,0.07532828035714902,0.06768721191309911,19.717689117786463,13,1.09,1.42,14.170000000000002,18.46,0.9792676446429373,0.03266804588775013
PI,2007,0.78,-0.04710658308446826,0.0653533023617649,-0.8008642960084078,13,0.85,1.09,11.05,14.170000000000002,-0.6123855800980874,-0.05601725415067802
PI,2008,0.6,-0.01761688049004087,0.05644741734333448,11.623532962261418,13,0.78,0.85,10.14,11.05,-0.22901944637053132,-0.02540207291247204
PI,2009,0.6,-0.03768628196024733,0.06200369800396461,11.480022634860454,13,0.6,0.78,7.8,10.14,-0.48992166548321536,0.0064032866968087
PI,2010,0.54,0.00257900244825345,0.04147181711337681,11.89869037044906,13,0.6,0.6,7.8,7.8,0.03352703182729497,0.04586662529280395
PI,2011,0.57,-0.03298832698395547,0.02766495319598558,9.240537078649291,13,0.54,0.6,7.0200000000000005,7.8,-0.42884825079142114,0.06656650908814414
PI,2012,0.5,0.091672365553887,0.02457690056332491,4.73444948988222,13,0.57,0.54,7.409999999999999,7.0200000000000005,1.191740752200531,0.05133062236477338
PI,2013,0.59,-0.05510913163149678,0.01891425578266993,2.857733257031936,13,0.5,0.57,6.5,7.409999999999999,-0.7164187112094581,0.02444623218350533
PI,2014,0.61,-0.03002350211005165,0.01975239254748886,13.407775604365302,13,0.59,0.5,7.67,6.5,-0.39030552743067154,0.1013689170315025
PI,2015,0.5701006593187145,5.754602324018112e-4,0.02061530180652268,-4.814734080965644,13,0.61,0.59,7.93,7.67,0.00748098302122354,0.00877739707416795
PI,2016,0.4517351323944881,-0.04701009579319967,0.02057348594894015,-2.711353909254266,13,0.5701006593187145,0.61,7.411308571143288,7.93,-0.6111312453115957,-0.0578334164977904
PI,2017,0.4107258857769868,-0.00612622553037358,0.01993470042814499,5.884679323059028,13,0.4517351323944881,0.5701006593187145,5.872556721128345,7.411308571143288,-0.07964093189485653,-0.03726717019741111
PI,2018,0.504621616763097,-0.01615710055563061,0.01660909066023132,7.124210557826771,13,0.4107258857769868,0.4517351323944881,5.339436515100829,5.872556721128345,-0.21004230722319792,-0.00359016380667715
PI,2019,0.5471347007584293,-0.10491580353482774,0.04058480027973258,0.9983346871211164,13,0.504621616763097,0.4107258857769868,6.560081017920261,5.339436515100829,-1.3639054459527606,-0.0279895993084239
PI,2020,0.371046456526852,0.15499563124000554,0.01595760422961363,3.5159942726672444,13,0.5471347007584293,0.504621616763097,7.11275110985958,6.560081017920261,2.014943206120072,-0.0275862759870011
PI,2021,0.4687281882610857,0.0099567217833403,0.0188528328075316,4.839622577039759,13,0.371046456526852,0.5471347007584293,4.823603934849076,7.11275110985958,0.1294373831834239,-0.01464464523873462
PI,2022,0.5098150336137124,-0.0867872173685777,0.02358175764760049,4.09377102605506,13,0.4687281882610857,0.371046456526852,6.093466447394114,4.823603934849076,-1.12823382579151,-0.00908211774446812
PI,2023,0.4705049338153063,-0.00512293625473465,0.06475859572861117,6.217729277881245,13,0.5098150336137124,0.4687281882610857,6.627595436978261,6.093466447394114,-0.06659817131155045,0.01651416791266173
PI,2024,0.6258526265090553,-0.10086662294241912,0.11195212627933558,NA,13,0.4705049338153063,0.5098150336137124,6.116564139598982,6.627595436978261,-1.3112660982514486,NA
PR,2002,1.24,0.08225104558293912,0.08056409606868792,NA,13,NA,NA,NA,NA,1.0692635925782086,-0.00458441977414448
PR,2003,1.05,0.0539936389979555,0.07871887479751906,8.714056290282436,13,1.24,NA,16.12,NA,0.7019173069734216,0.0251346158220983
PR,2004,1.08,0.11726997500711216,0.07035231872909012,5.244437977429417,13,1.05,1.24,13.65,16.12,1.524509675092458,0.02246402249694623
PR,2005,1.29,0.09284079408314322,0.06633688307429675,-3.3868488522250884,13,1.08,1.05,14.04,13.65,1.206930323080862,-0.06593698173855102
PR,2006,1.26,0.05721306535243506,0.06091524253172635,3.652976780817197,13,1.29,1.08,16.77,14.04,0.7437698495816558,-0.08459410010640304
PR,2007,1.16,0.0949432272717028,0.05777266786860616,15.80556880048023,13,1.26,1.29,16.38,16.77,1.2342619545321365,0.00725230499209687
PR,2008,1.19,0.10853481092290312,0.05058330254910965,6.354268798452312,13,1.16,1.26,15.079999999999998,16.38,1.4109525419977405,0.01467633259984602
PR,2009,1.12,0.0797138206221124,0.04920449978532298,0.98343166857362,13,1.19,1.16,15.47,15.079999999999998,1.036279668087461,-0.02800161738251085
PR,2010,0.89,0.08222405295096842,0.04328217701139007,9.012730496167464,13,1.12,1.19,14.560000000000002,15.47,1.0689126883625897,0.00840176524482877
PR,2011,0.76,0.10136489565340566,0.03489270521116384,7.067052097907256,13,0.89,1.12,11.57,14.560000000000002,1.3177436434942735,0.03050479482405851
PR,2012,0.6,0.02934117494412697,0.0314652119359938,5.388603737805275,13,0.76,0.89,9.88,11.57,0.3814352742736506,0.0415679407850672
PR,2013,0.6,0.04383373450103709,0.02737836219044694,9.936169567338316,13,0.6,0.76,7.8,9.88,0.5698385485134823,0.10038423731705644
PR,2014,0.58,0.0078458687552136,0.02577791012248815,-1.83412995047304,13,0.6,0.6,7.8,7.8,0.1019962938177769,0.05179810220691813
PR,2015,0.5037921888298507,0.05846310922473273,0.0256210875781652,-0.6729332416601785,13,0.58,0.6,7.539999999999999,7.8,0.7600204199215255,0.02013767784145664
PR,2016,0.38821578868004064,-0.01409120440113702,0.01040114113039844,-1.9744727281998165,13,0.5037921888298507,0.58,6.549298454788058,7.539999999999999,-0.18318565721478128,-0.02073739823441733
PR,2017,0.293401508351383,-0.07707091877724194,0.01278251540152973,1.4040151281516031,13,0.38821578868004064,0.5037921888298507,5.046805252840528,6.549298454788058,-1.0019219441041451,-0.02514423018491782
PR,2018,0.3855926481768628,6.833200986355466e-4,0.01840780418788316,0.7060394022170735,13,0.293401508351383,0.38821578868004064,3.814219608567979,5.046805252840528,0.0088831612822621,-0.03505916612929419
PR,2019,0.437152732807602,0.02867815180915506,0.01819390579057738,2.1735196488096076,13,0.3855926481768628,0.293401508351383,5.012704426299216,3.814219608567979,0.3728159735190158,-0.03004175253875467
PR,2020,0.3707942568717707,5.027444579747639e-4,0.00888213128804937,1.366025753909783,13,0.437152732807602,0.3855926481768628,5.682985526498825,5.012704426299216,0.00653567795367193,-0.03307595472399159
PR,2021,0.22263792465468585,0.1510138538471413,0.03691445215943424,4.0755227360749435,13,0.3707942568717707,0.437152732807602,4.820325339333019,5.682985526498825,1.963180100012837,-0.0101306038109953
PR,2022,0.10635220439055522,0.09960677342720338,0.05158992065209733,2.262962509625077,13,0.22263792465468585,0.3707942568717707,2.894293020510916,4.820325339333019,1.294888054553644,-0.00510525016604084
PR,2023,-0.04820031196474091,0.00957018255189409,0.03867766257572364,4.36746965867334,13,0.10635220439055522,0.22263792465468585,1.3825786570772178,2.894293020510916,0.12441237317462316,0.02008968065964808
PR,2024,-0.05065352069356421,-0.01233500031704704,0.04119216430675643,NA,13,-0.04820031196474091,0.10635220439055522,-0.6266040555416318,1.3825786570772178,-0.16035500412161152,NA
RJ,2002,2.35,-0.05639978807676104,0.09901330989873992,NA,13,NA,NA,NA,NA,-0.7331972449978935,0.02194079748195873
RJ,2003,2.01,0.00602564261285061,0.0954385259328697,-4.157606012287285,13,2.35,NA,30.55,NA,0.078333353967058,-0.07368523726024648
RJ,2004,2.04,0.02246988595988612,0.06069264007028516,11.66408540926227,13,2.01,2.35,26.129999999999995,30.55,0.29210851747851957,-0.01674066588428542
RJ,2005,1.9,0.0340203088716505,0.07823102836478821,4.6753326227157554,13,2.04,2.01,26.52,26.129999999999995,0.44226401533145654,-0.02412969566600031
RJ,2006,1.72,0.03240259197408362,0.07439952020725571,6.623246401532223,13,1.9,2.04,24.7,26.52,0.42123369566308705,-0.01209776827273759
RJ,2007,1.73,0.07991090193636627,0.07977875237864715,4.199406280797557,13,1.72,1.9,22.36,24.7,1.0388417251727615,-0.02115193323117045
RJ,2008,1.6,0.11393930932112029,0.07110482232052298,10.584390357382034,13,1.73,1.72,22.49,22.36,1.4812110211745635,0.03222257469567939
RJ,2009,1.63,0.01943017872608449,0.07911417989247081,-1.2918967254300529,13,1.6,1.73,20.8,22.49,0.2525923234390984,-0.02380001116295289
RJ,2010,1.56,-0.00230435384907964,0.06759185079825326,9.351734366246369,13,1.63,1.6,21.19,20.8,-0.02995660003803538,0.02773119304640119
RJ,2011,1.46,0.02536925932401816,0.06286533011920925,6.890710092068919,13,1.56,1.63,20.28,21.19,0.3298003712122361,0.06282534592994185
RJ,2012,1.65,-0.04338419111025261,0.06483345040105591,6.366420217063684,13,1.46,1.56,18.98,20.28,-0.5639944844332839,0.1002252673317324
RJ,2013,1.54,-0.0745784961318155,0.06229486145902242,2.894752589114691,13,1.65,1.46,21.45,18.98,-0.9695204497136014,0.11193351375200485
RJ,2014,1.78,-0.1755230976799955,0.07020389405370572,0.4624611307996851,13,1.54,1.65,20.02,21.45,-2.281800269839941,0.10647745820272278
RJ,2015,1.9751390017723585,-0.07726059019027161,0.07486207353392671,-9.913832041446437,13,1.78,1.54,23.14,20.02,-1.004387672473531,-0.00309062604699466
RJ,2016,2.338429740144764,-0.13681102331462944,0.05904787663744775,-10.651425226713672,13,1.9751390017723585,1.78,25.67680702304066,23.14,-1.7785433030901827,-0.11889208843899024
RJ,2017,2.697398982382366,-0.12361285059162253,0.0179612962620849,1.3788172804311216,13,2.338429740144764,1.9751390017723585,30.39958662188193,25.67680702304066,-1.6069670576910928,-0.10927331111984552
RJ,2018,2.6292460150255295,0.03393540882385174,0.00199787961762804,8.997356877483952,13,2.697398982382366,2.338429740144764,35.06618677097076,30.39958662188193,0.44116031471007255,-0.02979138535394335
RJ,2019,2.8208374573514683,0.04041610408946299,0.30628908729746174,-0.9222254222416182,13,2.6292460150255295,2.697398982382366,34.18019819533188,35.06618677097076,0.5254093531630188,-0.04892921520366841
RJ,2020,3.1903341726119696,0.03791991636205758,0.24940578436282057,-6.354512369897214,13,2.8208374573514683,2.6292460150255295,36.67088694556909,34.18019819533188,0.4929589127067486,-0.12796424446935348
RJ,2021,1.9867807647255251,0.17909591440966036,0.14553372963774125,16.27846022194945,13,3.1903341726119696,2.8208374573514683,41.474344243955606,36.67088694556909,2.3282468873255846,0.00614627306905002
RJ,2022,1.682783311303497,0.05143246237234664,0.2427826873957411,11.19311800308871,13,1.9867807647255251,3.1903341726119696,25.828149941431825,41.474344243955606,0.6686220108405063,0.09367330632082688
RJ,2023,1.8840703509533223,0.01973163602995321,0.24352069354184783,-2.7872079101317393,13,1.682783311303497,1.9867807647255251,21.87618304694546,25.828149941431825,0.25651126838939176,0.04637045227987076
RJ,2024,2.112282979964718,0.01155217144794783,0.2452814147166518,NA,13,1.8840703509533223,1.682783311303497,24.49291456239319,21.87618304694546,0.1501782288233218,NA
RN,2002,0.65,0.05544828228118324,0.03308820733834652,NA,13,NA,NA,NA,NA,0.7208276696553821,0.04158250783663666
RN,2003,0.53,0.07715652818966454,0.0307242394794675,-4.482682041623997,13,0.65,NA,8.450000000000001,NA,1.003034866465639,-0.07015980041693438
RN,2004,0.38,0.05711138229390294,0.02340320802489241,8.873608235673425,13,0.53,0.65,6.890000000000001,8.450000000000001,0.7424479698207382,-0.05143785272241745
RN,2005,0.32,0.0859179838984124,0.01920678522607932,8.294155631790211,13,0.38,0.53,4.94,6.890000000000001,1.1169337906793613,-0.0381824211997365
RN,2006,0.26,0.06407663091010626,0.01736040169447035,10.036628119214086,13,0.32,0.38,4.16,4.94,0.8329962018313815,-0.0082947850407967
RN,2007,0.22,0.06249520936477443,0.01678885084242831,10.9368745171468,13,0.26,0.32,3.38,4.16,0.8124377217420675,0.03159297431431871
RN,2008,0.19,0.08259567407056029,0.01542212571496391,3.905310198522405,13,0.22,0.26,2.86,3.38,1.0737437629172837,0.00911639619518532
RN,2009,0.17,-0.0135521903323265,0.01412770899101932,2.077061802484792,13,0.19,0.22,2.47,2.86,-0.17617847432024458,-0.02704615931474786
RN,2010,0.2,0.05744379041711867,0.01474636637836564,11.336279352019307,13,0.17,0.19,2.21,2.47,0.7467692754225427,0.02854223654368149
RN,2011,0.13,0.08141915974733743,0.01405757562182679,6.238267982874102,13,0.2,0.17,2.6,2.21,1.058449076715387,0.04331196338814959
RN,2012,0.11,0.06695052827523712,0.01277755841364943,7.415694956550167,13,0.13,0.2,1.69,2.6,0.8703568675780826,0.07599859694836456
RN,2013,0.15,0.06020139163493707,0.01057090365896081,4.517460093877146,13,0.11,0.13,1.43,1.69,0.7826180912541819,0.08863779517021718
RN,2014,0.16,0.02749737179087845,0.00953222059093082,-1.381130422043686,13,0.15,0.11,1.95,1.43,0.35746583328141984,0.05013996737846379
RN,2015,0.09036610127434531,-0.04126851345335251,NA,-2.801378811209665,13,0.16,0.15,2.08,1.95,-0.5364906748935826,0.00285392815018241
RN,2016,0.124071696062029,0.00359830340473843,0.01203022601977885,-4.139384963052906,13,0.09036610127434531,0.16,1.1747593165664891,2.08,0.04677794426159959,-0.05431356080483735
RN,2017,0.13219792715935758,-0.04632299828796518,0.01252042280447367,4.166160695510568,13,0.124071696062029,0.09036610127434531,1.612932048806377,1.1747593165664891,-0.6021989777435472,-0.02617562312502704
RN,2018,0.448968146135434,-0.03681403665359419,0.01316752082371769,0.46046855660122343,13,0.13219792715935758,0.124071696062029,1.7185730530716483,1.612932048806377,-0.4785824764967244,-0.03327081089700162
RN,2019,0.31964878142087605,0.0632385532502032,0.03168220034009182,2.6878206941245653,13,0.448968146135434,0.13219792715935758,5.836585899760642,1.7185730530716483,0.8221011922526416,-0.01840854862160943
RN,2020,0.3691093997332486,0.0135136441231142,0.04827804340532224,-2.7852493775751497,13,0.31964878142087605,0.448968146135434,4.1554341584713885,5.836585899760642,0.1756773736004846,-0.05891806967921638
RN,2021,0.3450341279482836,0.035722393090151,0.00936812871902549,3.4334745562444535,13,0.3691093997332486,0.31964878142087605,4.798422196532232,4.1554341584713885,0.46439111017196305,-0.03846698582227987
RN,2022,0.30083422697546064,0.00928995626580773,0.01017858724778429,7.07342404335316,13,0.3450341279482836,0.3691093997332486,4.485443663327686,4.798422196532232,0.1207694314555005,0.01566897980384898
RN,2023,0.2529321714189442,0.04381520615135854,0.01637993732288929,3.680227240228539,13,0.30083422697546064,0.3450341279482836,3.910844950680988,4.485443663327686,0.569597679967661,0.03722927191555584
RN,2024,0.40165036251097314,0.01820308376287805,0.01342184155130959,NA,13,0.2529321714189442,0.30083422697546064,3.2881182284462747,3.910844950680988,0.23664008891741467,NA
RO,2002,1.45,0.01112432428259937,0.06068467076305547,NA,15,NA,NA,NA,NA,0.16686486423899063,-0.02688417753864315
RO,2003,1.21,0.1013740534641399,0.06844422946253653,10.022337724081588,15,1.45,NA,21.75,NA,1.5206108019620983,-0.00448657610500803
RO,2004,1.03,0.08300761445390964,0.05817176857263351,9.533005641855327,15,1.21,1.45,18.15,21.75,1.2451142168086446,0.01372237693370347
RO,2005,0.85,0.0957781969734666,0.05051484509419177,6.386885926877972,15,1.03,1.21,15.45,18.15,1.4366729546019992,0.00337027080356106
RO,2006,0.72,0.06804277609168007,0.04583472356224153,0.14908108532372122,15,0.85,1.03,12.75,15.45,1.020641641375201,-0.06664523230599706
RO,2007,0.64,0.10421393357575506,0.04102961885706222,6.713148519720846,15,0.72,0.85,10.8,12.75,1.563209003636326,-0.07227442838459723
RO,2008,0.5,0.08686719100620653,0.03363649265054164,13.28667830895778,15,0.64,0.72,9.6,10.8,1.303007865093098,-0.01641537431584924
RO,2009,0.53,-0.0793267138105164,0.03384151523783982,8.794765007813554,15,0.5,0.64,7.5,9.6,-1.189900707157746,0.00222834025995653
RO,2010,0.54,0.01061019283184517,0.03025401508524276,15.391327647888197,15,0.53,0.5,7.95,7.5,0.1591528924776777,0.08467719478888461
RO,2011,0.5,0.10818223699851036,0.02767880700182699,8.159456397598497,15,0.54,0.53,8.100000000000001,7.95,1.6227335549776554,0.10901643940664768
RO,2012,0.45,0.03864976179076918,0.02433916184017032,3.605638101679975,15,0.5,0.54,7.5,8.100000000000001,0.5797464268615377,0.09778092848799456
RO,2013,0.62,-0.00322840169427242,0.0253229761328303,-2.6877417563750283,15,0.45,0.5,6.75,7.5,-0.04842602541408643,0.03105562497984762
RO,2014,0.62,0.03701606128104195,0.01534013051287175,2.8401468774477356,15,0.62,0.45,9.3,6.75,0.5552409192156292,0.0255172615252239
RO,2015,0.6391012559728664,0.0040825851857854,0.00753681198483426,-1.4572480811090085,15,0.62,0.62,9.3,9.3,0.06123877778678099,-0.01832178805691205
RO,2016,0.500562187377359,0.06037565707680163,0.00611422737217745,-0.7506389340817154,15,0.6391012559728664,0.62,9.586518839592996,9.3,0.9056348561520244,-0.05243782501411431
RO,2017,0.4848278314126606,-0.01814790418401919,0.00719105614692248,6.604223670895815,15,0.500562187377359,0.6391012559728664,7.508432810660385,9.586518839592996,-0.2722185627602879,-0.01411160552549143
RO,2018,0.46973927615099914,0.02962905291284734,0.01506333725423018,-0.4364690710102259,15,0.4848278314126606,0.500562187377359,7.272417471189909,7.508432810660385,0.4444357936927101,-0.04425700106425133
RO,2019,0.2791787437244069,0.1297587220905804,0.03174180353645945,1.0746818888874632,15,0.46973927615099914,0.4848278314126606,7.046089142264987,7.272417471189909,1.946380831358706,-0.06044100947655694
RO,2020,0.20415935024157103,0.18668938424456316,0.11659761419041076,6.162129373458414,15,0.2791787437244069,0.46973927615099914,4.187681155866104,7.046089142264987,2.8003407636684474,-0.02913492135606329
RO,2021,-0.05094600647720242,0.18220714398003185,0.02086546318250745,4.094050533177485,15,0.20415935024157103,0.2791787437244069,3.0623902536235654,4.187681155866104,2.7331071597004777,-0.01903007607385188
RO,2022,0.04903167034767623,-0.00633831379024367,0.05029804295380784,5.076764600794359,15,-0.05094600647720242,0.20415935024157103,-0.7641900971580363,3.0623902536235654,-0.09507470685365504,-6.770812172261645e-4
RO,2023,0.05341469112504753,0.07184297969480616,0.03603043780882576,9.43616450209208,15,0.04903167034767623,-0.05094600647720242,0.7354750552151434,-0.7641900971580363,1.0776446954220924,0.05774865924874266
RO,2024,-0.01340047005852604,0.03601066167187968,0.02517063157688478,NA,15,0.05341469112504753,0.04903167034767623,0.801220366875713,0.7354750552151434,0.5401599250781952,NA
RR,2002,0.35,0.2080156437336304,0.01374805118352164,NA,12,NA,NA,NA,NA,2.4961877248035647,0.08791509716577145
RR,2003,0.43,-0.0652410395378103,0.00955355538031743,-5.463785802172461,12,0.35,NA,4.199999999999999,NA,-0.7828924744537236,-0.03207701038158228
RR,2004,0.04,0.23319792419293,0.00851321879512861,2.080057437711158,12,0.43,0.35,5.16,4.199999999999999,2.79837509031516,-0.07617386674543976
RR,2005,0.15,0.11695494116321672,0.00843362545508116,5.858896216151299,12,0.04,0.43,0.48,5.16,1.4034592939586006,-0.08535859766959733
RR,2006,0.1,0.0703327833348613,0.01176677228366406,14.28954464190937,12,0.15,0.04,1.7999999999999998,0.48,0.8439934000183356,-0.01914944851497931
RR,2007,-0.13,0.02434045173221203,0.00823418365204532,6.658081813727423,12,0.1,0.15,1.2000000000000002,1.7999999999999998,0.29208542078654437,-0.02222440240119985
RR,2008,-0.13,0.0919437794633038,0.00836963744698546,9.00238525173318,12,-0.13,0.1,-1.56,1.2000000000000002,1.1033253535596454,-0.00248660414683072
RR,2009,0.31,-3.5640702363735167e-4,0.00821494395982154,11.68521093991326,12,-0.13,-0.13,-1.56,-1.56,-0.00427688428364822,0.04410761684555059
RR,2010,0.04,0.05262568085877268,0.01787385418332395,11.43647880337111,12,0.31,-0.13,3.72,-1.56,0.6315081703052723,0.09250971069094437
RR,2011,-0.1,0.07330617472807036,0.02093466241536494,3.163542959289556,12,0.04,0.31,0.48,3.72,0.8796740967368443,0.068864508310595
RR,2012,0.2,0.07749679301815217,0.02205238414279617,0.16992972480620594,12,-0.1,0.04,-1.2000000000000002,0.48,0.929961516217826,0.02099310807872102
RR,2013,0.37,-0.06598141987521626,0.03136352249194829,10.02236118466726,12,0.2,-0.1,2.4000000000000004,-1.2000000000000002,-0.7917770385025951,0.07159931120162343
RR,2014,0.18,0.15750920924290718,0.03379579816605335,1.7022336224270074,12,0.37,0.2,4.4399999999999995,2.4000000000000004,1.890110510914886,0.04746396603997387
RR,2015,0.1176601366385907,0.11052035266566444,0.03332016098437226,-3.587394032304314,12,0.18,0.37,2.16,4.4399999999999995,1.3262442319879733,-0.02767606397162522
RR,2016,0.37311696305846576,0.2299911172333516,0.03731299048901616,-1.120945321177513,12,0.1176601366385907,0.18,1.4119216396630885,2.16,2.759893406800219,-0.0771078344060594
RR,2017,0.4173863684492042,0.02931392741951176,0.03114012168000953,6.248883960979845,12,0.37311696305846576,0.1176601366385907,4.477403556701589,1.4119216396630885,0.3517671290341411,-0.05588802104208378
RR,2018,0.3292364858010567,0.10527181142141873,0.02899185181036565,6.548138703538586,12,0.4173863684492042,0.37311696305846576,5.008636421390451,4.477403556701589,1.2632617370570247,-0.03400290347810213
RR,2019,0.38740067455771776,0.29604705482706045,0.01990004274161886,3.0508981512872735,12,0.3292364858010567,0.4173863684492042,3.95083782961268,5.008636421390451,3.5525646579247256,-0.04799204883149353
RR,2020,0.0623089474758759,0.16828621231973492,0.03288095685877401,8.63006484713238,12,0.38740067455771776,0.3292364858010567,4.648808094692614,3.95083782961268,2.019434547836819,-0.01176948969306263
RR,2021,-0.02993409468223201,0.10942680047215396,0.01101188107600298,4.886535564203287,12,0.0623089474758759,0.38740067455771776,0.7477073697105108,4.648808094692614,1.3131216056658477,-0.01266263484723082
RR,2022,0.04112465645695232,0.03338897604827592,0.00674853233504401,6.050620167867016,12,-0.02993409468223201,0.0623089474758759,-0.3592091361867841,0.7477073697105108,0.400667712579311,-0.0039805206881416
RR,2023,0.05334812155742158,0.03917044190645084,0.00438719137071642,13.870521338026553,12,0.04112465645695232,-0.02993409468223201,0.4934958774834278,-0.3592091361867841,0.4700453028774101,0.07509612848424865
RR,2024,0.0999278331231508,0.02894125934268273,0.01515574886010055,NA,12,0.05334812155742158,0.04112465645695232,0.640177458689059,0.4934958774834278,0.34729511211219277,NA
RS,2002,2.79,0.07054664938982798,0.09759300950798504,NA,13,NA,NA,NA,NA,0.9171064420677636,0.01819774751518014
RS,2003,2.8,0.05436744906510883,0.09682185055129536,5.232603629943,13,2.79,NA,36.27,NA,0.7067768378464149,0.02446962169327723
RS,2004,2.83,0.0188544347487549,0.0929969680750098,3.1397525257029546,13,2.8,2.79,36.4,36.27,0.24510765173381371,0.01047123488948857
RS,2005,2.58,0.04160732842176666,0.0907027570474953,-2.7406796901672914,13,2.83,2.8,36.79,36.4,0.5408952694829666,-0.06283987573187612
RS,2006,2.53,0.03742454902593289,0.09735191943840515,3.909964967604007,13,2.58,2.83,33.54,36.79,0.48651913733712754,-0.07114703740651551
RS,2007,2.54,0.1616563121779978,0.09768462815848404,9.811685742909916,13,2.53,2.58,32.89,33.54,2.1015320583139716,-0.02525507535233548
RS,2008,2.34,0.13091550961547463,0.08878630240395108,7.141642394052816,13,2.54,2.53,33.02,32.89,1.7019016250011705,-0.00421288588784171
RS,2009,2.2,0.10676641297575662,0.08210561804437921,2.4139353725603163,13,2.34,2.54,30.42,33.02,1.387963368684836,-0.0274731327671686
RS,2010,2.14,0.08778242827428945,0.069643817945322,12.396072733018904,13,2.2,2.34,28.6,30.42,1.1411715675657628,0.04420248128125691
RS,2011,2.14,0.07344454086151912,0.06571646728814266,3.0308251199452574,13,2.14,2.2,27.82,28.6,0.9547790311997486,0.03218486421952089
RS,2012,2.18,0.04419783925445531,0.06255690630549457,2.9379176273902408,13,2.14,2.14,27.82,27.82,0.574571910307919,0.02350851411193092
RS,2013,2.09,0.02777652084047975,0.05785920029183099,8.795212640396176,13,2.18,2.14,28.340000000000003,27.82,0.3610947709262368,0.07503086993370256
RS,2014,2.09,-0.0186943940468123,0.05439722240856206,1.2714318605433927,13,2.09,2.18,27.17,28.340000000000003,-0.2430271226085599,0.06012662445576866
RS,2015,2.2723266485097615,-0.05896412617979316,0.05522827801904155,-2.085261219549317,13,2.09,2.09,27.17,27.17,-0.7665336403373111,0.01638011137791223
RS,2016,2.1294815104899527,0.0246621266634014,0.01741157663103226,-1.585911068955248,13,2.2723266485097615,2.09,29.5402464306269,27.17,0.3206076466242182,-0.01838715361451024
RS,2017,2.1886464164954935,-0.01205538837426602,0.03681363486304502,0.09278728078740972,13,2.1294815104899527,2.2723266485097615,27.683259636369385,29.5402464306269,-0.15672004886545826,-0.03348484301591626
RS,2018,2.2290236351357375,0.02101771123883589,0.06807719869751742,4.21905482545859,13,2.1886464164954935,2.1294815104899527,28.452403414441417,27.683259636369385,0.27323024610486657,-0.00638182867952366
RS,2019,2.243757169899218,0.01682734719822113,0.08228283448419636,1.707388334358817,13,2.2290236351357375,2.1886464164954935,28.97730725676459,28.452403414441417,0.2187555135768747,-0.00248821475178419
RS,2020,2.216665273274798,0.06809298279840843,0.06983989180500139,-5.425569031097965,13,2.243757169899218,2.2290236351357375,29.168843208689832,28.97730725676459,0.8852087763793096,-0.0706756668878881
RS,2021,1.825000480220205,0.08645183073748951,0.05179493949298124,13.968827065434786,13,2.216665273274798,2.243757169899218,28.81664855257237,29.168843208689832,1.1238737995873636,0.04777740006786039
RS,2022,1.991602826017739,0.02670632560349034,0.02490929063549961,-6.547708698643396,13,1.825000480220205,2.216665273274798,23.725006242862666,28.81664855257237,0.3471822328453744,-0.03196299945902612
RS,2023,1.852054796793605,0.05313677421794021,0.02598890299602741,4.703577677673265,13,1.991602826017739,1.825000480220205,25.890836738230607,23.725006242862666,0.6907780648332228,0.00195924400848755
RS,2024,1.843972897755084,0.03592259543075064,0.01420225220940362,NA,13,1.852054796793605,1.991602826017739,24.076712358316865,25.890836738230607,0.4669937405997583,NA
SC,2002,1.95,-0.1440585895808694,0.06680869725081519,NA,13,NA,NA,NA,NA,-1.872761664551302,0.01753281799527523
SC,2003,1.67,-0.07866523306985522,0.07919883605824884,2.559843326163458,13,1.95,NA,25.35,NA,-1.0226480299081178,-0.02301611891104373
SC,2004,1.64,0.07865410210340285,0.08226893189402233,7.743967002438112,13,1.67,1.95,21.71,25.35,1.022503327344237,-0.01442911281781049
SC,2005,1.19,0.07798089537832184,0.07530928061451703,3.651043679971089,13,1.64,1.67,21.32,21.71,1.0137516399181838,-0.04469043051265883
SC,2006,1.09,-0.02469789712732918,0.07457441296584386,7.182607585637801,13,1.19,1.64,15.47,21.32,-0.32107266265527934,-0.04136903454071891
SC,2007,0.9,0.10299769024991667,0.0701994912564183,9.905445070048447,13,1.09,1.19,14.170000000000002,15.47,1.3389699732489169,-0.01223656810186634
SC,2008,0.77,0.1286891211854469,0.0624144296032411,10.81863070792133,13,0.9,1.09,11.7,14.170000000000002,1.6729585754108096,0.02695477603473347
SC,2009,0.61,0.0553161351812379,0.07328058960700233,1.321147955054669,13,0.77,0.9,10.01,11.7,0.7191097573560927,-0.02048717146042912
SC,2010,0.63,0.07393802924668946,0.0686617608295178,13.364020631602468,13,0.61,0.77,7.93,10.01,0.961194380206963,0.04825878592408586
SC,2011,0.46,0.09721477103068785,0.0725848521169995,6.185953168250391,13,0.63,0.61,8.19,7.93,1.263792023398942,0.05658891887753408
SC,2012,0.41,0.05699943438379199,0.04559957954201305,4.534866997026432,13,0.46,0.63,5.98,8.19,0.7409926469892959,0.05487911707975522
SC,2013,0.48,0.03302022030812607,0.04274471083689339,5.31101990141265,13,0.41,0.46,5.33,5.98,0.429262864005639,0.0662668678895765
SC,2014,0.45,-0.03237768118670717,0.04621355982623654,6.341491372532304,13,0.48,0.41,6.24,5.33,-0.4209098554271932,0.09261238308647382
SC,2015,0.5304212815223983,-0.01700330370455415,0.04931954492083532,-5.814443580069806,13,0.45,0.48,5.8500000000000005,6.24,-0.22104294815920392,0.0016469761548089
SC,2016,0.502136432332809,-0.03756069620289901,0.03276191860984025,-5.2034390103337325,13,0.5304212815223983,0.45,6.8954766597911785,5.8500000000000005,-0.4882890506376871,-0.08084302244415137
SC,2017,0.5109627391019546,-0.05359147560442635,0.03647886443538629,4.392647652154658,13,0.502136432332809,0.5304212815223983,6.527773620326517,6.8954766597911785,-0.6966891828575426,-0.06698290989111608
SC,2018,0.9294155020453614,0.01212065731132151,0.04316138399665149,3.7559569990927466,13,0.5109627391019546,0.502136432332809,6.642515608325409,6.527773620326517,0.15756854504717965,-0.0605931679463388
SC,2019,0.8029170834024368,0.07927094922728449,0.10744969692914548,4.494384667917095,13,0.9294155020453614,0.5109627391019546,12.0824015265897,6.642515608325409,1.0305223399546983,-0.04907122508929242
SC,2020,0.7081577485340548,0.09977079655685536,0.09343216975552043,4.684383176141771,13,0.8029170834024368,0.9294155020453614,10.43792208423168,12.0824015265897,1.2970203552391195,-0.03769315858419724
SC,2021,0.5307733086581244,0.1173989888704696,0.08108201260522307,13.297513710020702,13,0.7081577485340548,0.8029170834024368,9.206050730942712,10.43792208423168,1.5261868553161049,0.05128147310700353
SC,2022,0.42437731189229067,0.02258286913558475,0.0849436602478716,-0.4415345692649453,13,0.5307733086581244,0.7081577485340548,6.900053012555618,9.206050730942712,0.29357729876260175,0.01037994858331321
SC,2023,0.3317421326891578,0.07092776007552028,0.07592924993475163,5.269801636597116,13,0.42437731189229067,0.5307733086581244,5.516905054599778,6.900053012555618,0.9220608809817636,0.02500985556706352
SC,2024,0.28299133730844656,0.05407784050816167,0.06269543978417493,NA,13,0.3317421326891578,0.42437731189229067,4.312647724959051,5.516905054599778,0.7030119266061017,NA
SE,2002,0.73,0.04072172432242049,0.04585331365430432,NA,13,NA,NA,NA,NA,0.5293824161914664,0.02920244327369833
SE,2003,0.68,-0.03061230582447623,0.04555988472788481,-0.8714394920417812,13,0.73,NA,9.49,NA,-0.39795997571819103,-0.03373123378484322
SE,2004,0.65,-0.07102695615060761,0.0405689618801169,6.478717919025834,13,0.68,0.73,8.84,9.49,-0.923350429957899,-0.02542940052593305
SE,2005,0.45,0.05471328594158131,0.03855727649135201,1.2463434224974312,13,0.65,0.68,8.450000000000001,8.84,0.7112727172405571,-0.06776284624006312
SE,2006,0.57,-0.03512693116174394,0.03276151278198427,9.218973459028623,13,0.45,0.65,5.8500000000000005,8.450000000000001,-0.4566501051026712,-0.03424523971736316
SE,2007,0.42,0.15888513770231572,0.0289873455640856,7.055881034373557,13,0.57,0.45,7.409999999999999,5.8500000000000005,2.0655067901301045,-0.0197014244888933
SE,2008,0.22,0.18041672063054429,0.02326229784533987,11.247264957163484,13,0.42,0.57,5.46,7.409999999999999,2.345417368197076,0.03559649456132728
SE,2009,0.27,-0.04188366308827688,0.02229111167651391,-3.3744771033668353,13,0.22,0.42,2.86,5.46,-0.5444876201475994,-0.04615160843654169
SE,2010,0.33,-0.07638894641774427,0.02199607879401743,15.805437537598642,13,0.27,0.22,3.51,2.86,-0.9930563034306756,0.05819599799377481
SE,2011,0.43,-0.02780812295515973,0.02438446217877261,3.377657311165816,13,0.33,0.27,4.29,3.51,-0.36150559841707647,0.05567027843031928
SE,2012,0.53,-0.02067248707593423,0.02507628029739235,7.079275116982564,13,0.43,0.33,5.59,4.29,-0.26874233198714503,0.09601475332371322
SE,2013,0.55,0.01230356232265803,0.02477867413733023,1.2740126363185444,13,0.53,0.43,6.890000000000001,5.59,0.15994631019455444,0.08879278816867021
SE,2014,0.57,0.0376105645831126,0.0256812733889011,-0.26624287756749077,13,0.55,0.53,7.15,6.890000000000001,0.4889373395804638,0.07394177713285913
SE,2015,0.6902989664175035,-0.00848236565999017,0.02745803707715066,-5.628805733194319,13,0.57,0.55,7.409999999999999,7.15,-0.11027075357987222,0.0101545177145842
SE,2016,0.6043378848501578,0.03817870363183382,0.02188816260221224,-7.271729150864948,13,0.6902989664175035,0.57,8.973886563427547,7.409999999999999,0.4963231472138397,-0.06696707596900714
SE,2017,0.5798815955316373,-0.03722744486524118,0.02305562804284705,1.2288553324917295,13,0.6043378848501578,0.6902989664175035,7.856392503052052,8.973886563427547,-0.4839567832481354,-0.05435554279322228
SE,2018,0.46123862810580457,0.00942169483792437,0.02119110981353296,-0.4394174950599794,13,0.5798815955316373,0.6043378848501578,7.538460741911285,7.856392503052052,0.12248203289301682,-0.05787465512599364
SE,2019,0.4588329402618764,0.03693391210487616,0.03453507418762141,2.530492495510539,13,0.46123862810580457,0.5798815955316373,5.99610216537546,7.538460741911285,0.4801408573633902,-0.03250522625022575
SE,2020,0.3856187725905472,0.05722755565045239,0.01906144420937793,-1.5502951166029957,13,0.4588329402618764,0.46123862810580457,5.964828223404393,5.99610216537546,0.7439582234558811,-0.0486691048722342
SE,2021,0.29389535237749836,0.08699748710537693,0.01610470619346944,5.453554388338189,13,0.3856187725905472,0.4588329402618764,5.013044043677114,5.964828223404393,1.1309673323699,0.00288450144769064
SE,2022,0.313707628790654,0.00125672774158001,0.01754930372125796,1.2318490039748164,13,0.29389535237749836,0.3856187725905472,3.820639580907479,5.013044043677114,0.01633746064054013,0.01297183762392261
SE,2023,0.2284052594624909,0.08340624251090253,0.02014285148565931,1.348177980578802,13,0.313707628790654,0.29389535237749836,4.078199174278502,3.820639580907479,1.0842811526417329,0.02396796853376078
SE,2024,0.11523290992652065,0.10901226409138325,0.01760583811113632,NA,13,0.2284052594624909,0.313707628790654,2.969268373012382,4.078199174278502,1.4171594331879822,NA
SP,2002,2.27,0.10974002112496392,0.08523787008622483,NA,13,NA,NA,NA,NA,1.426620274624531,0.02782385684005692
SP,2003,2.24,0.08328454131735415,0.08742552156301923,-0.6342081449335235,13,2.27,NA,29.51,NA,1.082699037125604,-0.03122088054812974
SP,2004,2.23,0.06388705163197965,0.08070873701816676,3.5651340549309296,13,2.24,2.27,29.120000000000005,29.51,0.8305316712157355,-0.0491510352975453
SP,2005,1.97,0.07316776896340502,0.0873092926107099,6.481398147950546,13,2.23,2.24,28.99,29.120000000000005,0.9511809965242652,-0.03955588307247668
SP,2006,1.89,0.08670494335307773,0.07866023216187192,6.5104797595527675,13,1.97,2.23,25.61,28.99,1.1271642635900103,-0.02940644139842129
SP,2007,1.71,0.08144437225527901,0.07330495073493762,9.49031880286686,13,1.89,1.97,24.57,25.61,1.058776839318627,0.00953800273734554
SP,2008,1.63,0.05956206804898938,0.07379621295173754,5.433734640457755,13,1.71,1.89,22.23,24.57,0.7743068846368619,0.013146317699153
SP,2009,1.5,0.06682548034804206,0.06671729791065588,3.075046500938372,13,1.63,1.71,21.19,22.23,0.8687312445245468,-0.00233360618804769
SP,2010,1.53,0.08096316453446975,0.06233859791861879,9.35960657667496,13,1.5,1.63,19.5,21.19,1.0525211389481068,0.04589607504963226
SP,2011,1.46,0.10311485918477575,0.0657447837702252,4.060213696391735,13,1.53,1.5,19.89,19.5,1.340493169402085,0.04999080747735861
SP,2012,1.54,0.06363625798500143,0.06675388576508685,2.953712139489406,13,1.46,1.53,18.98,19.89,0.8272713538050186,0.04948489355962723
SP,2013,1.42,0.07734099989008472,0.0646795647521058,3.592256570477903,13,1.54,1.46,20.02,18.98,1.0054329985711017,0.06130437308209711
SP,2014,1.48,0.01208404504174998,0.07072218439784396,1.886009391843202,13,1.42,1.54,18.46,20.02,0.1570925855427498,0.06221608185752749
SP,2015,1.678398647109598,0.0360604207378695,0.06896939124793952,-4.249373110226074,13,1.48,1.42,19.24,18.46,0.4687854695923035,0.0056653470369914
SP,2016,1.7546916901652452,0.01113438542004358,0.04546152177736463,-3.3508048077758756,13,1.678398647109598,1.48,21.819182412424773,19.24,0.14474701046056654,-0.03857699542108699
SP,2017,1.7095680781220255,0.03531208306159096,0.05594180278602623,0.5567712975389272,13,1.7546916901652452,1.678398647109598,22.810991972148187,21.819182412424773,0.4590570798006825,-0.04195105004424395
SP,2018,1.7566176424127893,0.07790808991037394,0.07061795109455832,0.5495277272490551,13,1.7095680781220255,1.7546916901652452,22.224385015586332,22.810991972148187,1.0128051688348612,-0.04551164115206502
SP,2019,1.6624443925730938,0.11424490555159782,0.10642856448230902,2.4096328161180125,13,1.7566176424127893,1.7095680781220255,22.83602935136626,22.224385015586332,1.4851837721707717,-0.03178507081098079
SP,2020,1.6637871938979638,0.1208016664930232,0.0591916706733023,-1.9027497357562817,13,1.6624443925730938,1.7566176424127893,21.61177710345022,22.83602935136626,1.5704216644093014,-0.0625967229797359
SP,2021,1.2663670707839916,0.21254491217062127,0.04948900165483471,5.62056895560914,13,1.6637871938979638,1.6624443925730938,21.62923352067353,21.61177710345022,2.763083858218077,-0.02118708894481066
SP,2022,1.153463866046164,0.092173756998923,0.12867613948362916,5.322449809078633,13,1.2663670707839916,1.6637871938979638,16.46277192019189,21.62923352067353,1.1982588409859989,0.016193730082425
SP,2023,1.2778714232210082,0.02380867325214815,0.1602015174462341,5.213239759623711,13,1.153463866046164,1.2663670707839916,14.995030258600131,16.46277192019189,0.3095127522779259,0.05201693043532948
SP,2024,1.263712475018371,0.0514845122113013,0.13548667894251754,NA,13,1.2778714232210082,1.153463866046164,16.612328501873108,14.995030258600131,0.6692986587469169,NA
