id_ente,uf,year,dcl,rcl_rgf,resultado_primario,receitas_primarias,despesas_primarias,encargos_divida
12,AC,2002,NA,NA,NA,NA,NA,NA
12,AC,2003,NA,NA,NA,NA,NA,NA
12,AC,2004,NA,NA,NA,NA,NA,NA
12,AC,2005,NA,NA,NA,NA,NA,NA
12,AC,2006,NA,NA,NA,NA,NA,NA
12,AC,2007,NA,NA,NA,NA,NA,NA
12,AC,2008,NA,NA,NA,NA,NA,NA
12,AC,2009,NA,NA,NA,NA,NA,NA
12,AC,2010,NA,NA,NA,NA,NA,NA
12,AC,2011,NA,NA,NA,NA,NA,NA
12,AC,2012,NA,NA,NA,NA,NA,NA
12,AC,2013,NA,NA,NA,NA,NA,NA
12,AC,2014,NA,NA,NA,NA,NA,NA
12,AC,2015,3822957.49962,3949107.68738,-143987.04841999998,NA,4696419.4015,187151.37297
12,AC,2016,3228313.64558,4442141.0709,373987.37885000004,NA,4865218.39241,180307.45355
12,AC,2017,3212204.81978,4471916.24014,41494.96336,NA,5477768.10841,170313.1703
12,AC,2018,3565447.36166,4846051.636630001,74226.66063,5583813.30799,5416448.9569,179469.20902
12,AC,2019,3116891.7147600004,5357455.83349,676641.6310299999,6105616.08483,5418947.8436199995,197980.22686000002
12,AC,2020,3337029.84169,5702871.32041,577899.78852,6428149.94683,5716209.76941,109636.55259
12,AC,2021,2847799.0483000004,6690645.7354,627542.32173,7419063.05801,6617345.82774,130254.72325
12,AC,2022,2505321.6001999998,7994706.97825,265003.55109,8724403.70109,8308883.71889,164185.62499
12,AC,2023,2051523.7075999998,8573004.13341,419049.03745999996,9961845.149389999,9384434.866360001,232896.55865
12,AC,2024,1978574.8443,10111234.20799,669889.2959,11680739.82748,10807134.748200001,232643.61212
27,AL,2002,NA,NA,NA,NA,NA,NA
27,AL,2003,NA,NA,NA,NA,NA,NA
27,AL,2004,NA,NA,NA,NA,NA,NA
27,AL,2005,NA,NA,NA,NA,NA,NA
27,AL,2006,NA,NA,NA,NA,NA,NA
27,AL,2007,NA,NA,NA,NA,NA,NA
27,AL,2008,NA,NA,NA,NA,NA,NA
27,AL,2009,NA,NA,NA,NA,NA,NA
27,AL,2010,NA,NA,NA,NA,NA,NA
27,AL,2011,NA,NA,NA,NA,NA,NA
27,AL,2012,NA,NA,NA,NA,NA,NA
27,AL,2013,NA,NA,NA,NA,NA,NA
27,AL,2014,NA,NA,NA,NA,NA,NA
27,AL,2015,10555304.801520001,6328523.88774,733320.00879,NA,7028515.9485,257574.12062
27,AL,2016,7863514.89518,7646527.4437299995,1138364.9253399998,NA,9417493.15932,136739.75350999998
27,AL,2017,7000340.86415,7348618.7753,363877.09955,NA,9965967.38659,210710.33276
27,AL,2018,6816346.13058,7962976.44089,624932.3455599999,8198000.135810001,7827749.08862,326395.28069
27,AL,2019,6404121.91862,8559007.20196,1000851.51774,8900266.46399,7920439.63009,962708.29261
27,AL,2020,5813489.668409999,10059495.938649999,1322519.59175,10727583.37847,9050981.87159,962245.97077
27,AL,2021,4758264.282229999,12528914.43601,1512459.09144,12924340.804860001,11351500.112639999,807960.18932
27,AL,2022,7245315.32333,13177911.88617,-1919997.4156900002,13394974.158569999,14348891.79036,854284.74925
27,AL,2023,10136310.09965,14465051.81955,-173995.67022,15486199.09128,15751887.50885,1763489.1512200001
27,AL,2024,12826319.22178,16937628.981200002,399317.76675,18196570.54881,16709913.11877,2046480.39116
13,AM,2002,NA,NA,NA,NA,NA,NA
13,AM,2003,NA,NA,NA,NA,NA,NA
13,AM,2004,NA,NA,NA,NA,NA,NA
13,AM,2005,NA,NA,NA,NA,NA,NA
13,AM,2006,NA,NA,NA,NA,NA,NA
13,AM,2007,NA,NA,NA,NA,NA,NA
13,AM,2008,NA,NA,NA,NA,NA,NA
13,AM,2009,NA,NA,NA,NA,NA,NA
13,AM,2010,NA,NA,NA,NA,NA,NA
13,AM,2011,NA,NA,NA,NA,NA,NA
13,AM,2012,NA,NA,NA,NA,NA,NA
13,AM,2013,NA,NA,NA,NA,NA,NA
13,AM,2014,NA,NA,NA,NA,NA,NA
13,AM,2015,5259411.12232,10998994.38861,5586.73254,NA,13484764.94174,326649.10354000004
13,AM,2016,4620464.96476,11395630.934,425026.05673,NA,13778475.43949,344510.44408
13,AM,2017,4322557.5256199995,12052493.12173,607215.4090399999,NA,13898072.45645,327257.67646
13,AM,2018,4592048.68566,13222390.940790001,557558.6426499999,16464046.365370002,15520152.06828,316974.38846
13,AM,2019,4389403.4944899995,14982882.07502,1559805.0419,18214464.96185,16599622.99453,1319183.8026500002
13,AM,2020,2824602.08344,16459910.905989999,1224170.1456,20298287.10937,17941411.854,178769.7896
13,AM,2021,4214587.05613,18994133.78272,591414.29174,23206692.19759,21618671.406349998,1679528.04036
13,AM,2022,5234361.91901,22412466.14144,385778.21716,26534273.88727,26016811.741040003,669518.3806
13,AM,2023,5899488.95138,22825805.777349997,-734549.1087000001,28428966.65725,27822104.783419997,727234.86137
13,AM,2024,7870287.60893,26591617.07866,404575.32152999996,32809983.44853,31867319.42503,2159932.61033
16,AP,2002,NA,NA,NA,NA,NA,NA
16,AP,2003,NA,NA,NA,NA,NA,NA
16,AP,2004,NA,NA,NA,NA,NA,NA
16,AP,2005,NA,NA,NA,NA,NA,NA
16,AP,2006,NA,NA,NA,NA,NA,NA
16,AP,2007,NA,NA,NA,NA,NA,NA
16,AP,2008,NA,NA,NA,NA,NA,NA
16,AP,2009,NA,NA,NA,NA,NA,NA
16,AP,2010,NA,NA,NA,NA,NA,NA
16,AP,2011,NA,NA,NA,NA,NA,NA
16,AP,2012,NA,NA,NA,NA,NA,NA
16,AP,2013,NA,NA,NA,NA,NA,NA
16,AP,2014,NA,NA,NA,NA,NA,NA
16,AP,2015,1063794.1749800001,3875537.36692,-44630.07565,NA,3358827.37124,117995.42889
16,AP,2016,699597.2604299999,4872773.87898,-444222.13188999996,NA,3564101.3102399996,120448.17168000001
16,AP,2017,NA,4369061.85847,225407.95325999998,NA,3615421.2505300003,117430.22884000001
16,AP,2018,60719.66215,4854795.87277,1435909.10766,4521350.25636,3953946.97408,121436.13349
16,AP,2019,1933086.0211099999,5589424.46375,1072743.93249,5063695.64191,4505606.81554,106962.57586
16,AP,2020,2501412.72379,6301875.68902,1082005.10113,5487559.14934,4696291.659279999,2083.72795
16,AP,2021,-1381052.24842,6652811.59554,899816.96233,6336134.6642700005,5274742.8818500005,1787.97406
16,AP,2022,2272123.56862,7244043.461069999,1062625.38178,7652497.30105,6636098.68861,39509.39
16,AP,2023,831229.29422,8040259.66533,733221.04264,8378473.49824,7466433.43533,112555.12218
16,AP,2024,-609138.08809,8871334.50227,444629.42293,9807019.043459998,8793528.2946,125256.72703
29,BA,2002,NA,NA,NA,NA,NA,NA
29,BA,2003,NA,NA,NA,NA,NA,NA
29,BA,2004,NA,NA,NA,NA,NA,NA
29,BA,2005,NA,NA,NA,NA,NA,NA
29,BA,2006,NA,NA,NA,NA,NA,NA
29,BA,2007,NA,NA,NA,NA,NA,NA
29,BA,2008,NA,NA,NA,NA,NA,NA
29,BA,2009,NA,NA,NA,NA,NA,NA
29,BA,2010,NA,NA,NA,NA,NA,NA
29,BA,2011,NA,NA,NA,NA,NA,NA
29,BA,2012,NA,NA,NA,NA,NA,NA
29,BA,2013,NA,NA,NA,NA,NA,NA
29,BA,2014,NA,NA,NA,NA,NA,NA
29,BA,2015,16136539.85317,27207610.58458,-570487.45612,NA,37497489.66114,581085.27112
29,BA,2016,16015640.9038,28714179.02482,-1117838.69445,NA,NA,NA
29,BA,2017,17229303.58879,29952763.44546,-843059.0310900001,NA,43587296.38383,548261.38921
29,BA,2018,20493581.88607,31980173.815279998,-76446.34357,41650689.07663,41334774.1818,765074.27116
29,BA,2019,21526711.93865,34525803.568620004,1009064.40443,44609634.785330005,43271386.43951,944086.04532
29,BA,2020,21511870.767470002,37877609.90756,2980899.75161,47605310.02796,44259345.38757,540167.45317
29,BA,2021,17279788.54569,45445462.10268,5763780.22892,56176944.207779996,49909768.9581,551744.1453999999
29,BA,2022,16654259.2356,55345564.18074,942051.29853,65892385.52925,64076259.08506,932533.50625
29,BA,2023,20841097.28044,57229420.301190004,-1107853.5639000002,72784157.29709,73282091.95997,1619555.84234
29,BA,2024,24083252.42823,65047362.38336,54645.113549999995,70935676.25509,69689447.19134,1745162.84546
23,CE,2002,NA,NA,NA,NA,NA,NA
23,CE,2003,NA,NA,NA,NA,NA,NA
23,CE,2004,NA,NA,NA,NA,NA,NA
23,CE,2005,NA,NA,NA,NA,NA,NA
23,CE,2006,NA,NA,NA,NA,NA,NA
23,CE,2007,NA,NA,NA,NA,NA,NA
23,CE,2008,NA,NA,NA,NA,NA,NA
23,CE,2009,NA,NA,NA,NA,NA,NA
23,CE,2010,NA,NA,NA,NA,NA,NA
23,CE,2011,NA,NA,NA,NA,NA,NA
23,CE,2012,NA,NA,NA,NA,NA,NA
23,CE,2013,NA,NA,NA,NA,NA,NA
23,CE,2014,NA,NA,NA,NA,NA,NA
23,CE,2015,9369812.567,15176440.113,-992945.34014,NA,20035352.90337,414556.09418
23,CE,2016,7775059.293020001,17831937.42185,890046.5706699999,NA,21501248.690330002,446076.32701999997
23,CE,2017,8146084.43445,17779471.73921,-130269.52403,NA,22472486.08151,452097.96917
23,CE,2018,10962426.243299998,19186195.10818,-485099.02176,23449031.763490003,23396855.4935,562907.7525
23,CE,2019,10995170.4537,20882025.052840002,1302301.78336,25506808.78263,23728654.01934,697486.7565700001
23,CE,2020,11973622.89616,22028314.98446,1698697.75194,26732532.697,24263989.527330004,597839.78655
23,CE,2021,11108323.62465,25170813.56104,2189730.1837600004,30619179.320580002,27556560.77254,539762.57603
23,CE,2022,10217259.28686,30383651.351439998,414505.45297000004,30776027.91401,28713724.97016,1036834.5218999999
23,CE,2023,9501906.88565,31973785.169880003,451254.74798000004,34785910.464449994,33507255.17055,1465466.84754
23,CE,2024,12002714.79404,36362436.745349996,417230.64702,40056003.88013,38522395.43159,1604943.195
53,DF,2002,NA,NA,NA,NA,NA,NA
53,DF,2003,NA,NA,NA,NA,NA,NA
53,DF,2004,NA,NA,NA,NA,NA,NA
53,DF,2005,NA,NA,NA,NA,NA,NA
53,DF,2006,NA,NA,NA,NA,NA,NA
53,DF,2007,NA,NA,NA,NA,NA,NA
53,DF,2008,NA,NA,NA,NA,NA,NA
53,DF,2009,NA,NA,NA,NA,NA,NA
53,DF,2010,NA,NA,NA,NA,NA,NA
53,DF,2011,NA,NA,NA,NA,NA,NA
53,DF,2012,NA,NA,NA,NA,NA,NA
53,DF,2013,NA,NA,NA,NA,NA,NA
53,DF,2014,NA,NA,NA,NA,NA,NA
53,DF,2015,4657949.94656,18461481.00245,-2525225.91677,NA,26174032.01858,230071.56819
53,DF,2016,5942939.8782,19881229.9329,-686184.9674099999,NA,24960963.59601,197127.95063
53,DF,2017,6998667.54818,20719829.09923,-974816.51003,NA,20331127.447240002,219289.95416
53,DF,2018,7647511.389649999,21742563.01885,-377963.17477999994,21793651.60141,21186113.04487,251985.5
53,DF,2019,8116311.054939999,22503460.73724,174931.54515000002,22272465.002040002,21208857.89909,464791.43314
53,DF,2020,8193094.65279,25058903.18498,1642530.27995,24328560.533,21880791.81761,555122.08125
53,DF,2021,5804218.4020299995,28277263.875400003,2483605.60847,27668169.58875,24564770.225110002,431642.06392000004
53,DF,2022,7754224.54811,29460072.79932,-719369.1873999999,28976724.33984,28782334.7425,577795.62011
53,DF,2023,7629947.17337,33214094.00728,2559087.53754,34168950.28766,31055176.16733,2225100.75657
53,DF,2024,4714681.0939,36114673.966809995,-644665.91225,37711387.93431,37475895.6006,890649.01552
32,ES,2002,NA,NA,NA,NA,NA,NA
32,ES,2003,NA,NA,NA,NA,NA,NA
32,ES,2004,NA,NA,NA,NA,NA,NA
32,ES,2005,NA,NA,NA,NA,NA,NA
32,ES,2006,NA,NA,NA,NA,NA,NA
32,ES,2007,NA,NA,NA,NA,NA,NA
32,ES,2008,NA,NA,NA,NA,NA,NA
32,ES,2009,NA,NA,NA,NA,NA,NA
32,ES,2010,NA,NA,NA,NA,NA,NA
32,ES,2011,NA,NA,NA,NA,NA,NA
32,ES,2012,NA,NA,NA,NA,NA,NA
32,ES,2013,NA,NA,NA,NA,NA,NA
32,ES,2014,NA,NA,NA,NA,NA,NA
32,ES,2015,3748618.9926199997,11951594.613260001,206453.86213999998,NA,13344682.463399999,303467.44668
32,ES,2016,3138581.24999,11884435.326989999,316568.26965,NA,13198858.04105,314595.53946
32,ES,2017,2114080.77659,12193441.01592,512323.20157,NA,13517702.524290001,288837.35636000003
32,ES,2018,2571462.43089,13567368.61747,851171.89004,13525377.946530001,12439838.45443,328252.45160000003
32,ES,2019,2223050.66595,15832886.168200001,2255320.67376,15577389.70238,13042669.471129999,465527.48193999997
32,ES,2020,1415320.2629200001,15640877.34422,1404462.7849100002,15897063.93381,14149144.58517,290024.12743
32,ES,2021,-153394.2869,18821227.33989,2130227.4091,19055801.31355,16612076.67415,499110.01023
32,ES,2022,-881047.59228,21250420.141799998,550733.8854400001,21305032.71623,20294793.11082,524879.9914599999
32,ES,2023,-1482685.20211,22373375.35579,-467874.91134,23388132.77291,22829373.87572,588343.04742
32,ES,2024,-2564649.39774,26359045.23921,465138.74419,27071560.67523,25360310.309439998,617426.93305
52,GO,2002,NA,NA,NA,NA,NA,NA
52,GO,2003,NA,NA,NA,NA,NA,NA
52,GO,2004,NA,NA,NA,NA,NA,NA
52,GO,2005,NA,NA,NA,NA,NA,NA
52,GO,2006,NA,NA,NA,NA,NA,NA
52,GO,2007,NA,NA,NA,NA,NA,NA
52,GO,2008,NA,NA,NA,NA,NA,NA
52,GO,2009,NA,NA,NA,NA,NA,NA
52,GO,2010,NA,NA,NA,NA,NA,NA
52,GO,2011,NA,NA,NA,NA,NA,NA
52,GO,2012,NA,NA,NA,NA,NA,NA
52,GO,2013,NA,NA,NA,NA,NA,NA
52,GO,2014,NA,NA,NA,NA,NA,NA
52,GO,2015,17119934.7689,17361933.085279997,6025.04541,NA,18054765.23023,1009262.92522
52,GO,2016,18336813.0888,19279840.731599998,1120417.68947,NA,18728337.6106,927020.08043
52,GO,2017,19357283.26005,21033874.95129,739608.42746,NA,21673899.79466,969958.29687
52,GO,2018,19634872.55419,21298254.07991,1030816.91568,22374312.504979998,21515046.42537,1148304.15951
52,GO,2019,19245475.96733,24538621.316630002,2323841.72968,27738853.11682,24478827.39144,2311789.4375
52,GO,2020,19062051.83087,26323342.28146,2703266.93084,27770711.30461,24564498.1645,2954015.18145
52,GO,2021,14467794.173010001,31545320.0202,3360708.86358,32932515.464560002,29077415.83325,1553408.31976
52,GO,2022,12098544.31812,37208349.13432,2362933.8597199996,37545962.50724,32772983.63898,1592174.66617
52,GO,2023,11329627.042879999,38407128.87535,1828320.97318,40223733.69094,37187702.333550006,1621935.0578599998
52,GO,2024,10284487.93756,42330061.5063,2350124.18812,44564694.2386,41100202.843839996,1606723.39101
21,MA,2002,NA,NA,NA,NA,NA,NA
21,MA,2003,NA,NA,NA,NA,NA,NA
21,MA,2004,NA,NA,NA,NA,NA,NA
21,MA,2005,NA,NA,NA,NA,NA,NA
21,MA,2006,NA,NA,NA,NA,NA,NA
21,MA,2007,NA,NA,NA,NA,NA,NA
21,MA,2008,NA,NA,NA,NA,NA,NA
21,MA,2009,NA,NA,NA,NA,NA,NA
21,MA,2010,NA,NA,NA,NA,NA,NA
21,MA,2011,NA,NA,NA,NA,NA,NA
21,MA,2012,NA,NA,NA,NA,NA,NA
21,MA,2013,NA,NA,NA,NA,NA,NA
21,MA,2014,NA,NA,NA,NA,NA,NA
21,MA,2015,6443795.62052,10712347.55203,-231277.84386000002,NA,12574754.26567,346355.82763
21,MA,2016,5454289.37128,12480062.58849,545206.82596,NA,14006754.17625,390918.64726
21,MA,2017,5487449.666979999,12536618.59533,-968302.32895,NA,15668621.28135,377837.64151
21,MA,2018,7144367.66542,13294049.56866,-558093.16263,15787398.4999,16286401.83304,378427.94158
21,MA,2019,6549951.9766999995,14698617.42486,688230.54662,15273188.28209,14351964.37746,1906314.2273499998
21,MA,2020,6816589.73678,16314807.210649999,679948.48778,17025992.67473,15608681.70115,635659.39832
21,MA,2021,7550852.44833,18273349.131849997,686324.4472,18878812.991299998,18022372.86855,600055.41842
21,MA,2022,9122675.76038,22168930.85127,638307.68246,23046393.32697,21654263.21954,235053.36065000002
21,MA,2023,4433520.20558,23120999.55398,1182751.65153,24989056.81594,23298744.31789,4380445.7412
21,MA,2024,893355.84536,29586751.70573,3361964.54135,31883915.343709998,27932595.89361,261749.64997
31,MG,2002,NA,NA,NA,NA,NA,NA
31,MG,2003,NA,NA,NA,NA,NA,NA
31,MG,2004,NA,NA,NA,NA,NA,NA
31,MG,2005,NA,NA,NA,NA,NA,NA
31,MG,2006,NA,NA,NA,NA,NA,NA
31,MG,2007,NA,NA,NA,NA,NA,NA
31,MG,2008,NA,NA,NA,NA,NA,NA
31,MG,2009,NA,NA,NA,NA,NA,NA
31,MG,2010,NA,NA,NA,NA,NA,NA
31,MG,2011,NA,NA,NA,NA,NA,NA
31,MG,2012,NA,NA,NA,NA,NA,NA
31,MG,2013,NA,NA,NA,NA,NA,NA
31,MG,2014,NA,NA,NA,NA,NA,NA
31,MG,2015,102592255.53523,51643235.76749,-3243577.4593,NA,74581327.36394,2912988.392
31,MG,2016,109124343.32583,53731469.13132,-3249134.5498099998,NA,80807266.92525999,1187364.9413599998
31,MG,2017,102814921.15118,55173574.559760004,-6123570.98569,NA,88411871.79567,2371438.7941900003
31,MG,2018,106509252.86325,56345444.78797,1419898.4948399998,73967540.2788,73749896.05025999,4152774.74984
31,MG,2019,122689225.81841001,64068169.1943,4725916.797590001,82131809.37073,77693153.32422,7536107.148510001
31,MG,2020,133034157.59097,70585665.37416,5864950.18459,89922307.59875,80969144.10417,11952122.567370001
31,MG,2021,139627969.99634,82453583.80378999,13530145.86391,109732867.21011999,93266949.25705999,7060171.460229999
31,MG,2022,143460121.61917,91405979.91277,4750204.02257,96303794.71061,87130059.6697,9788056.41515
31,MG,2023,154911175.8447,92079439.35223,3112947.94228,107298582.02955,100650998.50528,13612291.0842
31,MG,2024,168246208.54147,103495630.62038,4536879.197550001,120138246.94346,110619625.44678,11512181.29709
50,MS,2002,NA,NA,NA,NA,NA,NA
50,MS,2003,NA,NA,NA,NA,NA,NA
50,MS,2004,NA,NA,NA,NA,NA,NA
50,MS,2005,NA,NA,NA,NA,NA,NA
50,MS,2006,NA,NA,NA,NA,NA,NA
50,MS,2007,NA,NA,NA,NA,NA,NA
50,MS,2008,NA,NA,NA,NA,NA,NA
50,MS,2009,NA,NA,NA,NA,NA,NA
50,MS,2010,NA,NA,NA,NA,NA,NA
50,MS,2011,NA,NA,NA,NA,NA,NA
50,MS,2012,NA,NA,NA,NA,NA,NA
50,MS,2013,NA,NA,NA,NA,NA,NA
50,MS,2014,NA,NA,NA,NA,NA,NA
50,MS,2015,7421093.27993,8321250.479180001,1560329.7788699998,NA,12444922.9104,274716.45068
50,MS,2016,7307325.99838,9347981.7099,-178182.71387,NA,11456460.44314,144651.11555000002
50,MS,2017,7420698.15953,9747254.5042,-1489108.00475,NA,12963774.27214,214056.48244
50,MS,2018,7772360.8470600005,10735143.52505,552368.26987,12550037.12101,11368287.46549,336980.68860000005
50,MS,2019,7336176.67287,12012249.48957,738826.45279,12791100.394690001,11804914.57521,543969.9724600001
50,MS,2020,5743560.60188,14070824.317809999,2295376.91658,15344353.97118,12767765.814340001,459950.91047
50,MS,2021,3383342.1916,15816038.19347,2210117.0357,17401424.771139998,14838034.95584,372890.88969
50,MS,2022,4065562.38186,18366590.88786,-505721.22944,19553507.40685,19388205.00012,1051653.3
50,MS,2023,3122318.759,19756920.69977,238961.77216,22994775.19067,22676944.645779997,1026181.5303300001
50,MS,2024,5025008.53869,20382690.67477,-816011.68904,23508935.389229998,23646327.013779998,900323.91946
51,MT,2002,NA,NA,NA,NA,NA,NA
51,MT,2003,NA,NA,NA,NA,NA,NA
51,MT,2004,NA,NA,NA,NA,NA,NA
51,MT,2005,NA,NA,NA,NA,NA,NA
51,MT,2006,NA,NA,NA,NA,NA,NA
51,MT,2007,NA,NA,NA,NA,NA,NA
51,MT,2008,NA,NA,NA,NA,NA,NA
51,MT,2009,NA,NA,NA,NA,NA,NA
51,MT,2010,NA,NA,NA,NA,NA,NA
51,MT,2011,NA,NA,NA,NA,NA,NA
51,MT,2012,NA,NA,NA,NA,NA,NA
51,MT,2013,NA,NA,NA,NA,NA,NA
51,MT,2014,NA,NA,NA,NA,NA,NA
51,MT,2015,5676297.27453,11644432.98592,297506.91141,NA,12803475.29558,472789.70336000004
51,MT,2016,5507528.44662,12522756.874440001,-73691.15232,NA,15281409.60234,380318.32316000003
51,MT,2017,5905804.006920001,13389766.59346,-945004.3726900001,NA,16072658.23312,380612.8976
51,MT,2018,6545475.69011,15226929.6084,575110.9725700001,17467499.889709998,16971003.52637,398295.56143
51,MT,2019,4647164.6346,17154484.29475,1461322.45668,17989240.918619998,15736382.96382,474777.93218
51,MT,2020,877424.0410399999,20481972.45251,3473321.15239,21727731.95306,16614572.16159,189439.37528
51,MT,2021,-4333588.00547,24604584.74102,5524176.90313,25731874.85863,19472047.85009,328139.98348
51,MT,2022,-7186553.06355,29374848.83894,2169048.49429,29351395.95293,24776514.64504,1763792.78076
51,MT,2023,-6127242.61724,30940901.65407,-1440395.10619,33995877.92436,32480353.33039,815444.1586699999
51,MT,2024,-4768428.52831,33003632.6562,-1162719.96255,36619492.44452,35172164.50086,542005.6592999999
15,PA,2002,NA,NA,NA,NA,NA,NA
15,PA,2003,NA,NA,NA,NA,NA,NA
15,PA,2004,NA,NA,NA,NA,NA,NA
15,PA,2005,NA,NA,NA,NA,NA,NA
15,PA,2006,NA,NA,NA,NA,NA,NA
15,PA,2007,NA,NA,NA,NA,NA,NA
15,PA,2008,NA,NA,NA,NA,NA,NA
15,PA,2009,NA,NA,NA,NA,NA,NA
15,PA,2010,NA,NA,NA,NA,NA,NA
15,PA,2011,NA,NA,NA,NA,NA,NA
15,PA,2012,NA,NA,NA,NA,NA,NA
15,PA,2013,NA,NA,NA,NA,NA,NA
15,PA,2014,NA,NA,NA,NA,NA,NA
15,PA,2015,2020940.56239,16789901.79047,386981.63564,NA,20135646.75996,227753.07622
15,PA,2016,1665679.80645,17922201.695919998,647603.7833,NA,20913335.60213,169579.78144999998
15,PA,2017,1153286.25761,18017134.313509997,16855.109519999998,NA,21975738.39075,172049.64508000002
15,PA,2018,2504137.07485,18818401.69891,-1543310.748,22132768.246799998,23515142.46533,195496.67599000002
15,PA,2019,1628941.7450899999,21690571.870279998,999935.25865,25058217.41834,24091008.25869,529725.03365
15,PA,2020,526796.06822,24196556.79552,1021755.39647,28868720.7765,27973503.3,920983.65521
15,PA,2021,445306.84881,27009202.19632,498116.70217,32747156.66958,32501753.7093,611787.20401
15,PA,2022,-257306.41272999998,34296177.56737,237100.54859999998,35058051.87985,34870125.984050006,744024.61599
15,PA,2023,1644663.92203,36266172.14121,-2796719.6843600003,40340723.22921,42745179.59845,754208.9734199999
15,PA,2024,2952732.84632,41204940.04811,-1890220.39149,45450959.06729,47107622.99876,1321709.4641
25,PB,2002,NA,NA,NA,NA,NA,NA
25,PB,2003,NA,NA,NA,NA,NA,NA
25,PB,2004,NA,NA,NA,NA,NA,NA
25,PB,2005,NA,NA,NA,NA,NA,NA
25,PB,2006,NA,NA,NA,NA,NA,NA
25,PB,2007,NA,NA,NA,NA,NA,NA
25,PB,2008,NA,NA,NA,NA,NA,NA
25,PB,2009,NA,NA,NA,NA,NA,NA
25,PB,2010,NA,NA,NA,NA,NA,NA
25,PB,2011,NA,NA,NA,NA,NA,NA
25,PB,2012,NA,NA,NA,NA,NA,NA
25,PB,2013,NA,NA,NA,NA,NA,NA
25,PB,2014,NA,NA,NA,NA,NA,NA
25,PB,2015,3297120.09739,7973372.46512,-296850.30805,NA,8792355.443790002,167365.8869
25,PB,2016,2675553.49237,8845649.34167,321821.02567,NA,8960114.93977,172363.26643000002
25,PB,2017,2641293.1352,9130510.75783,240009.57088999997,NA,9266936.428280002,138299.8964
25,PB,2018,3115454.03435,9593439.615370002,236105.03127,10536233.15003,10001430.239670001,137564.84512
25,PB,2019,2382452.799,10245829.093489999,744794.60299,10551804.414309999,9646217.724510001,142351.48178
25,PB,2020,1233663.6465,11287852.748440001,1452771.96184,11656726.672950001,10023665.30069,59947.88585
25,PB,2021,-400261.75907,13037174.793709999,1926090.63135,13349186.24497,11281870.28708,122315.76909999999
25,PB,2022,-974981.25199,15758982.57721,835206.1006499999,15764201.199930001,14299495.37906,140628.91678
25,PB,2023,-195385.65548,16773627.778959999,284516.31088,17612756.1382,16917349.614469998,148520.73409
25,PB,2024,-448693.34172,18928080.527400002,23103.237399999998,19875962.27652,19384291.071990002,152592.99206
26,PE,2002,NA,NA,NA,NA,NA,NA
26,PE,2003,NA,NA,NA,NA,NA,NA
26,PE,2004,NA,NA,NA,NA,NA,NA
26,PE,2005,NA,NA,NA,NA,NA,NA
26,PE,2006,NA,NA,NA,NA,NA,NA
26,PE,2007,NA,NA,NA,NA,NA,NA
26,PE,2008,NA,NA,NA,NA,NA,NA
26,PE,2009,NA,NA,NA,NA,NA,NA
26,PE,2010,NA,NA,NA,NA,NA,NA
26,PE,2011,NA,NA,NA,NA,NA,NA
26,PE,2012,NA,NA,NA,NA,NA,NA
26,PE,2013,NA,NA,NA,NA,NA,NA
26,PE,2014,NA,NA,NA,NA,NA,NA
26,PE,2015,12215360.981530001,19648437.02339,319444.9131,NA,26770780.0153,633047.57904
26,PE,2016,12654082.89284,20853041.08871,777413.14891,NA,28763739.101630002,519535.96611000004
26,PE,2017,13176450.95983,21512144.30043,-292214.94519,NA,31952749.87872,525310.4421399999
26,PE,2018,14133950.279709999,23131949.69205,852945.23099,29017574.22855,28405813.22525,625777.5350800001
26,PE,2019,13257592.92129,25340299.46522,1015527.14585,31643292.20312,30025938.34524,787933.01107
26,PE,2020,13081473.274290001,27238978.59844,2056032.55986,33581638.70974,31485111.50573,582248.077
26,PE,2021,11325610.7071,31342387.71605,3220526.66788,38712973.87246,35700601.09174,697336.43772
26,PE,2022,12970167.7517,36722105.24887,-566712.94204,44120600.55192,44516159.21222,1034225.8152000001
26,PE,2023,12069013.82515,37830131.98544,1470780.31825,48052424.69298001,46830379.03792,1363844.8973599998
26,PE,2024,13166810.52722,43811252.90717,1305075.78332,47412186.00146,46152693.61414,1528654.6525
22,PI,2002,NA,NA,NA,NA,NA,NA
22,PI,2003,NA,NA,NA,NA,NA,NA
22,PI,2004,NA,NA,NA,NA,NA,NA
22,PI,2005,NA,NA,NA,NA,NA,NA
22,PI,2006,NA,NA,NA,NA,NA,NA
22,PI,2007,NA,NA,NA,NA,NA,NA
22,PI,2008,NA,NA,NA,NA,NA,NA
22,PI,2009,NA,NA,NA,NA,NA,NA
22,PI,2010,NA,NA,NA,NA,NA,NA
22,PI,2011,NA,NA,NA,NA,NA,NA
22,PI,2012,NA,NA,NA,NA,NA,NA
22,PI,2013,NA,NA,NA,NA,NA,NA
22,PI,2014,NA,NA,NA,NA,NA,NA
22,PI,2015,3762714.1990300003,6600087.43636,3798.08785,NA,7370491.970609999,136062.79445
22,PI,2016,3423691.34648,7578979.58552,-356288.55633,NA,8898901.66929,155926.03001
22,PI,2017,3288148.47662,8005700.61563,-49044.7275,NA,9055194.02706,159591.24349000002
22,PI,2018,4356652.69542,8633503.89816,-139492.39063,9103127.977540001,9932337.82098,143394.64896000002
22,PI,2019,5181842.28941,9470871.217319999,-993644.06394,9964255.718799999,11368696.21273,384373.41683
22,PI,2020,4367120.25694,11769739.8267,1824258.25397,12361717.13716,10234932.715219999,187816.85004
22,PI,2021,5369389.88172,11455231.44584,114056.55247,12051863.395440001,11355189.182379998,215963.56322
22,PI,2022,6891399.275119999,13517450.096110001,-1173141.87976,13830893.0724,14496747.617010001,318765.23218
22,PI,2023,7236756.15734,15380829.48176,-78795.00898,17634291.33789,17358108.18454,996040.91838
22,PI,2024,10752874.948479999,17181161.33579,-1733005.72217,19638662.290799998,20434588.25454,1923467.54349
41,PR,2002,NA,NA,NA,NA,NA,NA
41,PR,2003,NA,NA,NA,NA,NA,NA
41,PR,2004,NA,NA,NA,NA,NA,NA
41,PR,2005,NA,NA,NA,NA,NA,NA
41,PR,2006,NA,NA,NA,NA,NA,NA
41,PR,2007,NA,NA,NA,NA,NA,NA
41,PR,2008,NA,NA,NA,NA,NA,NA
41,PR,2009,NA,NA,NA,NA,NA,NA
41,PR,2010,NA,NA,NA,NA,NA,NA
41,PR,2011,NA,NA,NA,NA,NA,NA
41,PR,2012,NA,NA,NA,NA,NA,NA
41,PR,2013,NA,NA,NA,NA,NA,NA
41,PR,2014,NA,NA,NA,NA,NA,NA
41,PR,2015,16059066.97612,31876371.51227,1863591.7894100002,NA,40284519.87194,816707.30619
41,PR,2016,13251931.444629999,34135477.82198,-481009.99532,NA,48858119.14325,355047.92238
41,PR,2017,10742977.164379999,36615275.85439,-2821972.95138,NA,51473567.48291001,468035.32754
41,PR,2018,14496730.26582,37595971.64096,25690.08305,47547509.127129994,45304465.445190005,692059.28422
41,PR,2019,17020942.62237,38935917.23207,1116610.14521,48847929.47678,46410060.407800004,708396.40999
41,PR,2020,14924881.202629998,40251112.10876,20236.02354,43126082.233059995,39242631.4033,357515.66224000003
41,PR,2021,10649697.458290001,47834157.07278,7223620.4050900005,49517381.28245,40129300.92491,1765771.70285
41,PR,2022,5930740.8247,55765095.408089995,5554581.22346,55269224.517,45400933.61475,2876916.84726
41,PR,2023,-2871059.0589099997,59565155.117879994,570049.40821,63561756.97676,58059892.06121,2303840.97092
41,PR,2024,-3353900.8799,66212591.62201,-816732.3386499999,69439884.25502001,65924737.001269996,2727439.95327
33,RJ,2002,NA,NA,NA,NA,NA,NA
33,RJ,2003,NA,NA,NA,NA,NA,NA
33,RJ,2004,NA,NA,NA,NA,NA,NA
33,RJ,2005,NA,NA,NA,NA,NA,NA
33,RJ,2006,NA,NA,NA,NA,NA,NA
33,RJ,2007,NA,NA,NA,NA,NA,NA
33,RJ,2008,NA,NA,NA,NA,NA,NA
33,RJ,2009,NA,NA,NA,NA,NA,NA
33,RJ,2010,NA,NA,NA,NA,NA,NA
33,RJ,2011,NA,NA,NA,NA,NA,NA
33,RJ,2012,NA,NA,NA,NA,NA,NA
33,RJ,2013,NA,NA,NA,NA,NA,NA
33,RJ,2014,NA,NA,NA,NA,NA,NA
33,RJ,2015,101175146.334,51224316.994,-3957620.9630500004,NA,54598705.781,3834758.5855300003
33,RJ,2016,108103232.139,46228984.469,-6324634.672,NA,51733549.31,2729723.372
33,RJ,2017,135393365.028,50194044.675,-6204628.945,NA,58593213.273,901550.107
33,RJ,2018,153260795.622,58290777.944,1978121.3801900002,61941111.452,60735036.94958,116457.95715
33,RJ,2019,165205177.757,58566003.981,2367009.713,60913310.354,58362297.944,17938127.906
33,RJ,2020,189818780.21394,59498087.016550004,2256162.48337,61930362.57975,58434641.93186,14839167.06045
33,RJ,2021,163820921.05923998,82455459.58961,14767435.93327,84765150.79122,69050814.01198,12000050.56307
33,RJ,2022,150831074.2312,89631905.20018,4609989.591569999,90411769.42501,84624582.87161,21761074.8209
33,RJ,2023,166127083.11678,88174564.73041001,1739828.41836,91206242.4403,88481435.26275,21472331.1559
33,RJ,2024,195944554.02344,92764348.28193,1071629.65561,94787091.31069,93773430.51638001,22753370.581860002
24,RN,2002,NA,NA,NA,NA,NA,NA
24,RN,2003,NA,NA,NA,NA,NA,NA
24,RN,2004,NA,NA,NA,NA,NA,NA
24,RN,2005,NA,NA,NA,NA,NA,NA
24,RN,2006,NA,NA,NA,NA,NA,NA
24,RN,2007,NA,NA,NA,NA,NA,NA
24,RN,2008,NA,NA,NA,NA,NA,NA
24,RN,2009,NA,NA,NA,NA,NA,NA
24,RN,2010,NA,NA,NA,NA,NA,NA
24,RN,2011,NA,NA,NA,NA,NA,NA
24,RN,2012,NA,NA,NA,NA,NA,NA
24,RN,2013,NA,NA,NA,NA,NA,NA
24,RN,2014,NA,NA,NA,NA,NA,NA
24,RN,2015,722653.8197100001,7996956.92875,-330022.5246,NA,NA,NA
24,RN,2016,1068411.17334,8611240.172020001,30985.854829999997,NA,9329066.152520001,103595.16558
24,RN,2017,1204549.99695,9111716.2185,-422082.01479000004,NA,10241662.17545,114082.53953
24,RN,2018,4125439.55109,9188713.24525,-338273.62620999996,9698795.52603,9714897.42941,120992.573
24,RN,2019,3253299.16095,10177730.52814,643624.95397,10780610.88377,10394836.89604,322452.8976
24,RN,2020,3996480.72114,10827361.004700001,146317.10341,11694584.69606,11229732.033629999,522723.80455
24,RN,2021,4225103.79782,12245466.33385,437437.36195,13247843.24608,12381156.651360001,114717.10484
24,RN,2022,4289752.898320001,14259524.062299998,132470.35491,15221660.82812,14631207.7795,145141.80978
24,RN,2023,4101520.82702,16215892.20545,710502.6599099999,19731279.461200003,18621332.576139998,265615.29796
24,RN,2024,6932442.04608,17259892.416729998,314183.26739999995,20844558.30868,20654306.101689998,231659.54121
11,RO,2002,NA,NA,NA,NA,NA,NA
11,RO,2003,NA,NA,NA,NA,NA,NA
11,RO,2004,NA,NA,NA,NA,NA,NA
11,RO,2005,NA,NA,NA,NA,NA,NA
11,RO,2006,NA,NA,NA,NA,NA,NA
11,RO,2007,NA,NA,NA,NA,NA,NA
11,RO,2008,NA,NA,NA,NA,NA,NA
11,RO,2009,NA,NA,NA,NA,NA,NA
11,RO,2010,NA,NA,NA,NA,NA,NA
11,RO,2011,NA,NA,NA,NA,NA,NA
11,RO,2012,NA,NA,NA,NA,NA,NA
11,RO,2013,NA,NA,NA,NA,NA,NA
11,RO,2014,NA,NA,NA,NA,NA,NA
11,RO,2015,3722889.1635,5825194.56613,23781.853039999998,NA,5552665.42158,43903.39622
11,RO,2016,3254708.5671300003,6502106.33005,392568.94206000003,NA,5961406.46238,39755.3565
11,RO,2017,3151591.05427,6500433.453020001,-117969.24346,NA,6525224.37856,46744.98194
11,RO,2018,3261653.35535,6943539.791,205730.50787,7192769.600810001,6655693.59071,104592.88161
11,RO,2019,2161693.65931,7743045.29948,1004727.6631499999,7803449.674020001,6540095.2484099995,245778.22267
11,RO,2020,1781041.36098,8723780.512,1628637.21207,8790726.6578,6844153.70043,1017171.99442
11,RO,2021,-510393.98468,10018331.56262,1825411.58147,10180051.43676,7734451.942720001,209037.12837
11,RO,2022,568748.06064,11599606.06292,-73521.94307,11660889.82375,10283666.532610001,583437.484
11,RO,2023,670219.9956,12547484.249809999,901448.6561799999,13426403.87608,11669822.94031,452091.35092
11,RO,2024,-190484.10629,14214733.174139999,511881.94709,15621807.25004,13778533.3342,357793.81169
14,RR,2002,NA,NA,NA,NA,NA,NA
14,RR,2003,NA,NA,NA,NA,NA,NA
14,RR,2004,NA,NA,NA,NA,NA,NA
14,RR,2005,NA,NA,NA,NA,NA,NA
14,RR,2006,NA,NA,NA,NA,NA,NA
14,RR,2007,NA,NA,NA,NA,NA,NA
14,RR,2008,NA,NA,NA,NA,NA,NA
14,RR,2009,NA,NA,NA,NA,NA,NA
14,RR,2010,NA,NA,NA,NA,NA,NA
14,RR,2011,NA,NA,NA,NA,NA,NA
14,RR,2012,NA,NA,NA,NA,NA,NA
14,RR,2013,NA,NA,NA,NA,NA,NA
14,RR,2014,NA,NA,NA,NA,NA,NA
14,RR,2015,332350.18928,2824662.61535,312182.70841,NA,2852170.64165,94118.21307
14,RR,2016,1259858.9848800001,3376579.22211,776583.2277200001,NA,3161306.5192199997,125990.2684
14,RR,2017,1335442.84902,3199536.3288499997,93790.97572,NA,3419916.23918,99633.9506
14,RR,2018,1182410.32582,3591370.87417,378070.11741,3422916.84435,2780028.9237100002,104120.49218
14,RR,2019,1627286.62094,4200526.03883,1243553.36252,5050067.97187,3355323.3424899997,83590.64770999999
14,RR,2020,270118.03541,4335140.39881,729544.35759,4617899.8386,3378821.58665,142543.56443
14,RR,2021,-165842.49362,5540254.19444,606252.2903,5565896.32306,4300549.80693,61008.62032
14,RR,2022,262536.66015,6383923.484560001,213152.66832,6793100.49888,6261331.090310001,43082.11406
14,RR,2023,366451.15582,6869054.52567,269063.90125,7394589.7215,6975561.815479999,30135.85674
14,RR,2024,776399.8262100001,7769605.3436199995,224862.16324000002,8398145.478810001,7935925.70492,117754.18733
43,RS,2002,NA,NA,NA,NA,NA,NA
43,RS,2003,NA,NA,NA,NA,NA,NA
43,RS,2004,NA,NA,NA,NA,NA,NA
43,RS,2005,NA,NA,NA,NA,NA,NA
43,RS,2006,NA,NA,NA,NA,NA,NA
43,RS,2007,NA,NA,NA,NA,NA,NA
43,RS,2008,NA,NA,NA,NA,NA,NA
43,RS,2009,NA,NA,NA,NA,NA,NA
43,RS,2010,NA,NA,NA,NA,NA,NA
43,RS,2011,NA,NA,NA,NA,NA,NA
43,RS,2012,NA,NA,NA,NA,NA,NA
43,RS,2013,NA,NA,NA,NA,NA,NA
43,RS,2014,NA,NA,NA,NA,NA,NA
43,RS,2015,68486044.08721,30139172.17057,-1777129.95082,NA,50806614.84246,1664534.5799
43,RS,2016,73796963.28316,34654897.4103,854663.46944,NA,54840409.03405,603396.4018999999
43,RS,2017,76703155.00989999,35045932.696940005,-422492.3296,NA,59381280.51657,1290168.16974
43,RS,2018,84197552.15986,37773288.19339,793908.0637899999,52006437.4802,51097746.91514,2571499.6458
43,RS,2019,89255394.238,39779435.77647,669382.3771599999,53987342.9349,52865347.78402,3273164.72987
43,RS,2020,93262905.40811999,42073517.60888,2864911.31081,46785027.16252,41964003.66906,2938409.91766
43,RS,2021,98327576.54386,53878109.95644,4657861.2424099995,54026367.59858,47461778.8296,2790613.44519
43,RS,2022,100842876.94111,50634029.849589996,1352248.88778,53775025.861209996,50321671.71923,1261257.76557
43,RS,2023,104898747.72642,56639116.67626,3009619.95473,75931085.57039,71138099.94405,1471988.50908
43,RS,2024,110719293.63326,60043883.38248,2156932.13084,79898987.7755,75375677.82161,852758.3754299999
42,SC,2002,NA,NA,NA,NA,NA,NA
42,SC,2003,NA,NA,NA,NA,NA,NA
42,SC,2004,NA,NA,NA,NA,NA,NA
42,SC,2005,NA,NA,NA,NA,NA,NA
42,SC,2006,NA,NA,NA,NA,NA,NA
42,SC,2007,NA,NA,NA,NA,NA,NA
42,SC,2008,NA,NA,NA,NA,NA,NA
42,SC,2009,NA,NA,NA,NA,NA,NA
42,SC,2010,NA,NA,NA,NA,NA,NA
42,SC,2011,NA,NA,NA,NA,NA,NA
42,SC,2012,NA,NA,NA,NA,NA,NA
42,SC,2013,NA,NA,NA,NA,NA,NA
42,SC,2014,NA,NA,NA,NA,NA,NA
42,SC,2015,10295408.62944,19409870.96123,-330031.93082,NA,20721525.89878,957286.00278
42,SC,2016,10288202.50678,20488858.89236,-769575.8044,NA,22344928.26736,671254.32744
42,SC,2017,10797795.56047,21132256.29612,-1132508.79776,NA,23601269.36365,770880.71264
42,SC,2018,21166285.852220003,22773760.28874,276032.94415,23346557.52694,22869580.89861,982947.01287
42,SC,2019,20146899.4025,25092129.46015,1989076.92044,25649956.7742,23360419.27521,2696141.7058
42,SC,2020,19022083.88279,26861365.17205,2679979.7998200003,27931259.50233,24495381.76766,2509715.63062
42,SC,2021,16480920.704790002,31050771.46109,3645329.17318,32028698.95725,28195206.12501,2517659.04301
42,SC,2022,16236773.95014,38260230.91983999,864025.78796,38862778.659669995,37201014.64515,3249964.0562600004
42,SC,2023,13660618.69301,41178425.49053,2920693.48348,44007135.46107,40117859.3118,3126646.9609899996
42,SC,2024,13184663.137389999,46590341.82032,2519505.07418,49462409.83764,45683046.34141,2921001.9701199997
28,SE,2002,NA,NA,NA,NA,NA,NA
28,SE,2003,NA,NA,NA,NA,NA,NA
28,SE,2004,NA,NA,NA,NA,NA,NA
28,SE,2005,NA,NA,NA,NA,NA,NA
28,SE,2006,NA,NA,NA,NA,NA,NA
28,SE,2007,NA,NA,NA,NA,NA,NA
28,SE,2008,NA,NA,NA,NA,NA,NA
28,SE,2009,NA,NA,NA,NA,NA,NA
28,SE,2010,NA,NA,NA,NA,NA,NA
28,SE,2011,NA,NA,NA,NA,NA,NA
28,SE,2012,NA,NA,NA,NA,NA,NA
28,SE,2013,NA,NA,NA,NA,NA,NA
28,SE,2014,NA,NA,NA,NA,NA,NA
28,SE,2015,4385703.603800001,6353339.37491,-53891.347740000005,NA,7092343.778689999,174450.22812
28,SE,2016,4101940.89904,6787495.87254,259137.79332,NA,7397194.03129,148565.81332
28,SE,2017,3992519.4794699997,6885059.82986,-256313.18521,NA,8065412.1061,158739.37849
28,SE,2018,3400013.69154,7371485.13667,69451.88346,7633862.36639,7614696.663729999,156209.95102
28,SE,2019,3695263.44412,8053614.115,297451.47585000005,8423512.152,8335129.36895,278132.16094
28,SE,2020,3364371.94753,8724606.234620001,499287.88882,9375465.17164,8685866.46342,166303.59499
28,SE,2021,2843275.39519,9674448.31022,841652.69212,10379246.010780001,9457573.78018,155804.14762
28,SE,2022,3543671.2948600003,11296095.375559999,14196.11643,11805100.485059999,11719499.080799999,198238.60861000002
28,SE,2023,2884664.29548,12629587.87494,1053386.46911,13878334.32453,12828458.116770001,254395.91288999998
28,SE,2024,1764039.14917,15308466.56823,1668810.60037,16603580.19187,14867439.98295,269518.38413
35,SP,2002,NA,NA,NA,NA,NA,NA
35,SP,2003,NA,NA,NA,NA,NA,NA
35,SP,2004,NA,NA,NA,NA,NA,NA
35,SP,2005,NA,NA,NA,NA,NA,NA
35,SP,2006,NA,NA,NA,NA,NA,NA
35,SP,2007,NA,NA,NA,NA,NA,NA
35,SP,2008,NA,NA,NA,NA,NA,NA
35,SP,2009,NA,NA,NA,NA,NA,NA
35,SP,2010,NA,NA,NA,NA,NA,NA
35,SP,2011,NA,NA,NA,NA,NA,NA
35,SP,2012,NA,NA,NA,NA,NA,NA
35,SP,2013,NA,NA,NA,NA,NA,NA
35,SP,2014,NA,NA,NA,NA,NA,NA
35,SP,2015,235645413.30623,140398953.31901002,5062845.32784,NA,201141792.10468,9683230.34226
35,SP,2016,246434668.93848002,140443287.17102,1563749.68902,NA,205449892.50514,6384765.55821
35,SP,2017,259106333.81864002,151562454.36173,5351985.97744,NA,216545337.9863,8478676.93167
35,SP,2018,279672335.1883,159210706.09547,12403802.00518,206892889.80560002,192134309.56473002,11243133.85678
35,SP,2019,266730147.18201998,160444552.83655,18329972.78508,221521871.59364998,203555484.14092,17075883.4374
35,SP,2020,274907386.9355,165229897.15495998,19960046.93079,227292750.06844,209956631.74751002,9780233.657780001
35,SP,2021,249588126.64945,197089874.18232,41890449.9978,275041229.18434,238983878.00601998,9753781.10956
35,SP,2022,264679333.85763,229464781.38487,21150630.99918,309482036.7801,278079908.11148,29526642.21606
35,SP,2023,293473507.89639,229658088.10143,5467854.379319999,314180676.29605,295182532.94946,36791574.20765
35,SP,2024,317655576.68971,251366970.70676002,12941505.87287,345163635.43636,326531397.15315,34056876.0569
17,TO,2002,NA,NA,NA,NA,NA,NA
17,TO,2003,NA,NA,NA,NA,NA,NA
17,TO,2004,NA,NA,NA,NA,NA,NA
17,TO,2005,NA,NA,NA,NA,NA,NA
17,TO,2006,NA,NA,NA,NA,NA,NA
17,TO,2007,NA,NA,NA,NA,NA,NA
17,TO,2008,NA,NA,NA,NA,NA,NA
17,TO,2009,NA,NA,NA,NA,NA,NA
17,TO,2010,NA,NA,NA,NA,NA,NA
17,TO,2011,NA,NA,NA,NA,NA,NA
17,TO,2012,NA,NA,NA,NA,NA,NA
17,TO,2013,NA,NA,NA,NA,NA,NA
17,TO,2014,NA,NA,NA,NA,NA,NA
17,TO,2015,2523586.1328000003,6304771.94472,249339.61901,NA,6847455.15859,157278.92686
17,TO,2016,2410379.47646,7293584.9293599995,63823.52833,NA,7819532.03495,184469.19447999998
17,TO,2017,2735798.54703,7198140.23726,41479.15795,NA,8054280.57485,200837.64707
17,TO,2018,4570176.99701,7190329.05143,-171079.99674,7384226.43,7400299.55804,165327.75506
17,TO,2019,4564454.22892,8015429.038520001,568575.5003099999,8299657.03462,7915181.84029,280706.08392
17,TO,2020,3246271.20131,8967319.709139999,784928.79215,9543269.05988,8473926.040439999,628615.6217
17,TO,2021,1970008.7998900001,10053168.26252,631974.1618,10592895.03373,9675631.58213,342243.45158999995
17,TO,2022,919652.86008,12105998.30671,182137.70857,12413566.09424,11761324.56309,644852.83884
17,TO,2023,599525.76168,13094049.26001,117701.66614,14881707.11663,14242354.37277,343468.57623
17,TO,2024,1598398.6094000002,14655407.39967,112212.75254,16516685.95923,16186472.38597,563328.51075
